occurrence_date_time_beijing,occurrence_date_time,fuel_tank_level,engine_total_hours_of_operation,high_resolution_total_vehicle_distance,engine_total_fuel_used,latitude,longitude,province,city,s_time,e_time,plan_mile,natural_index
2024-04-01T04:30:23Z,2024-03-31T20:30:23Z,20.8,1913.45,126248835,33998,30.3335,120.3531,浙江省,杭州市,2024-04-01T04:30:00.000Z,2024-04-01T08:51:00.000Z,262,24
2024-04-01T04:30:56Z,2024-03-31T20:30:56Z,20.8,1913.5,126248875,33998.5,30.3332,120.3532,浙江省,杭州市,2024-04-01T04:30:00.000Z,2024-04-01T08:51:00.000Z,262,24
2024-04-01T04:31:27Z,2024-03-31T20:31:27Z,23.6,1913.5,126248875,33998.5,30.333,120.3531,浙江省,杭州市,2024-04-01T04:30:00.000Z,2024-04-01T08:51:00.000Z,262,24
2024-04-01T04:31:58Z,2024-03-31T20:31:58Z,21.6,1913.5,126248945,33998.5,30.3329,120.3518,浙江省,杭州市,2024-04-01T04:30:00.000Z,2024-04-01T08:51:00.000Z,262,24
2024-04-01T04:32:29Z,2024-03-31T20:32:29Z,21.6,1913.5,126248945,33998.5,30.3329,120.3516,浙江省,杭州市,2024-04-01T04:30:00.000Z,2024-04-01T08:51:00.000Z,262,24
2024-04-01T04:33:00Z,2024-03-31T20:33:00Z,20.8,1913.5,126249070,33998.5,30.3329,120.3514,浙江省,杭州市,2024-04-01T04:30:00.000Z,2024-04-01T08:51:00.000Z,262,24
2024-04-01T04:33:31Z,2024-03-31T20:33:31Z,20.8,1913.5,126249070,33998.5,30.3315,120.3513,浙江省,杭州市,2024-04-01T04:30:00.000Z,2024-04-01T08:51:00.000Z,262,24
2024-04-01T04:34:02Z,2024-03-31T20:34:02Z,20.8,1913.55,126249310,33998.5,30.3296,120.3515,浙江省,杭州市,2024-04-01T04:30:00.000Z,2024-04-01T08:51:00.000Z,262,24
2024-04-01T04:34:33Z,2024-03-31T20:34:33Z,20.8,1913.55,126249310,33998.5,30.3282,120.3516,浙江省,杭州市,2024-04-01T04:30:00.000Z,2024-04-01T08:51:00.000Z,262,24
2024-04-01T04:35:04Z,2024-03-31T20:35:04Z,22.4,1913.55,126249615,33998.5,30.3282,120.3516,浙江省,杭州市,2024-04-01T04:30:00.000Z,2024-04-01T08:51:00.000Z,262,24
2024-04-01T04:35:35Z,2024-03-31T20:35:35Z,20.8,1913.55,126249615,33998.5,30.3277,120.3525,浙江省,杭州市,2024-04-01T04:30:00.000Z,2024-04-01T08:51:00.000Z,262,24
2024-04-01T04:36:06Z,2024-03-31T20:36:06Z,20.8,1913.6,126249820,33999,30.3279,120.355,浙江省,杭州市,2024-04-01T04:30:00.000Z,2024-04-01T08:51:00.000Z,262,24
2024-04-01T04:36:37Z,2024-03-31T20:36:37Z,20.8,1913.6,126249820,33999,30.328,120.3578,浙江省,杭州市,2024-04-01T04:30:00.000Z,2024-04-01T08:51:00.000Z,262,24
2024-04-01T04:37:08Z,2024-03-31T20:37:08Z,21.2,1913.6,126250265,33999,30.3281,120.3588,浙江省,杭州市,2024-04-01T04:30:00.000Z,2024-04-01T08:51:00.000Z,262,24
2024-04-01T04:37:39Z,2024-03-31T20:37:39Z,22,1913.6,126250755,33999,30.3283,120.3615,浙江省,杭州市,2024-04-01T04:30:00.000Z,2024-04-01T08:51:00.000Z,262,24
2024-04-01T04:37:52Z,2024-03-31T20:37:52Z,22,1913.6,126250755,33999,30.3283,120.3615,浙江省,杭州市,2024-04-01T04:30:00.000Z,2024-04-01T08:51:00.000Z,262,24
2024-04-01T04:38:23Z,2024-03-31T20:38:23Z,23.6,1913.6,126250755,33999,30.3272,120.364,浙江省,杭州市,2024-04-01T04:30:00.000Z,2024-04-01T08:51:00.000Z,262,24
2024-04-01T04:38:57Z,2024-03-31T20:38:57Z,22.8,1913.65,126251140,33999,30.3246,120.3632,浙江省,杭州市,2024-04-01T04:30:00.000Z,2024-04-01T08:51:00.000Z,262,24
2024-04-01T04:39:42Z,2024-03-31T20:39:42Z,22.8,1913.65,126251625,33999.5,30.3241,120.3648,浙江省,杭州市,2024-04-01T04:30:00.000Z,2024-04-01T08:51:00.000Z,262,24
2024-04-01T04:40:13Z,2024-03-31T20:40:13Z,22.4,1913.65,126251625,33999.5,30.3242,120.3681,浙江省,杭州市,2024-04-01T04:30:00.000Z,2024-04-01T08:51:00.000Z,262,24
2024-04-01T04:40:44Z,2024-03-31T20:40:44Z,22,1913.65,126251625,33999.5,30.3243,120.3713,浙江省,杭州市,2024-04-01T04:30:00.000Z,2024-04-01T08:51:00.000Z,262,24
2024-04-01T04:41:23Z,2024-03-31T20:41:23Z,21.6,1913.65,126252285,33999.5,30.3253,120.3785,浙江省,杭州市,2024-04-01T04:30:00.000Z,2024-04-01T08:51:00.000Z,262,24
2024-04-01T04:42:16Z,2024-03-31T20:42:16Z,21.2,1913.7,126252960,33999.5,30.3255,120.3816,浙江省,杭州市,2024-04-01T04:30:00.000Z,2024-04-01T08:51:00.000Z,262,24
2024-04-01T04:42:47Z,2024-03-31T20:42:47Z,21.2,1913.7,126252960,33999.5,30.3255,120.3844,浙江省,杭州市,2024-04-01T04:30:00.000Z,2024-04-01T08:51:00.000Z,262,24
2024-04-01T04:43:18Z,2024-03-31T20:43:18Z,20.8,1913.7,126253605,34000,30.3264,120.3816,浙江省,杭州市,2024-04-01T04:30:00.000Z,2024-04-01T08:51:00.000Z,262,24
2024-04-01T04:43:49Z,2024-03-31T20:43:49Z,20.8,1913.7,126253605,34000,30.3264,120.3777,浙江省,杭州市,2024-04-01T04:30:00.000Z,2024-04-01T08:51:00.000Z,262,24
2024-04-01T04:44:20Z,2024-03-31T20:44:20Z,20.8,1913.7,126254325,34000,30.3258,120.3742,浙江省,杭州市,2024-04-01T04:30:00.000Z,2024-04-01T08:51:00.000Z,262,24
2024-04-01T04:44:51Z,2024-03-31T20:44:51Z,21.2,1913.7,126254325,34000,30.3257,120.3718,浙江省,杭州市,2024-04-01T04:30:00.000Z,2024-04-01T08:51:00.000Z,262,24
2024-04-01T04:45:22Z,2024-03-31T20:45:22Z,21.6,1913.75,126254630,34000,30.3256,120.3714,浙江省,杭州市,2024-04-01T04:30:00.000Z,2024-04-01T08:51:00.000Z,262,24
2024-04-01T04:45:53Z,2024-03-31T20:45:53Z,21.2,1913.75,126254630,34000,30.3273,120.366,浙江省,杭州市,2024-04-01T04:30:00.000Z,2024-04-01T08:51:00.000Z,262,24
2024-04-01T04:46:24Z,2024-03-31T20:46:24Z,20.8,1913.75,126255175,34000,30.3274,120.3671,浙江省,杭州市,2024-04-01T04:30:00.000Z,2024-04-01T08:51:00.000Z,262,24
2024-04-01T04:46:55Z,2024-03-31T20:46:55Z,20.8,1913.75,126255175,34000,30.3227,120.3659,浙江省,杭州市,2024-04-01T04:30:00.000Z,2024-04-01T08:51:00.000Z,262,24
2024-04-01T04:47:26Z,2024-03-31T20:47:26Z,20.8,1913.75,126256045,34000.5,30.3178,120.3646,浙江省,杭州市,2024-04-01T04:30:00.000Z,2024-04-01T08:51:00.000Z,262,24
2024-04-01T04:47:52Z,2024-03-31T20:47:52Z,20.8,1913.75,126256045,34000.5,30.3178,120.3646,浙江省,杭州市,2024-04-01T04:30:00.000Z,2024-04-01T08:51:00.000Z,262,24
2024-04-01T04:48:23Z,2024-03-31T20:48:23Z,20.8,1913.8,126257200,34000.5,30.308,120.3604,浙江省,杭州市,2024-04-01T04:30:00.000Z,2024-04-01T08:51:00.000Z,262,24
2024-04-01T04:48:59Z,2024-03-31T20:48:59Z,20.8,1913.8,126257200,34000.5,30.3036,120.3582,浙江省,杭州市,2024-04-01T04:30:00.000Z,2024-04-01T08:51:00.000Z,262,24
2024-04-01T04:49:30Z,2024-03-31T20:49:30Z,20.8,1913.8,126258335,34001,30.2987,120.3558,浙江省,杭州市,2024-04-01T04:30:00.000Z,2024-04-01T08:51:00.000Z,262,24
2024-04-01T04:50:23Z,2024-03-31T20:50:23Z,20.8,1913.8,126259550,34001,30.2882,120.3524,浙江省,杭州市,2024-04-01T04:30:00.000Z,2024-04-01T08:51:00.000Z,262,24
2024-04-01T04:51:02Z,2024-03-31T20:51:02Z,20.8,1913.8,126259550,34001,30.2828,120.3517,浙江省,杭州市,2024-04-01T04:30:00.000Z,2024-04-01T08:51:00.000Z,262,24
2024-04-01T04:51:33Z,2024-03-31T20:51:33Z,20.8,1913.85,126260785,34001.5,30.2772,120.3516,浙江省,杭州市,2024-04-01T04:30:00.000Z,2024-04-01T08:51:00.000Z,262,24
2024-04-01T04:52:04Z,2024-03-31T20:52:04Z,20.8,1913.85,126262020,34001.5,30.2717,120.3522,浙江省,杭州市,2024-04-01T04:30:00.000Z,2024-04-01T08:51:00.000Z,262,24
2024-04-01T04:52:35Z,2024-03-31T20:52:35Z,20.8,1913.85,126262020,34001.5,30.2665,120.3533,浙江省,杭州市,2024-04-01T04:30:00.000Z,2024-04-01T08:51:00.000Z,262,24
2024-04-01T04:53:06Z,2024-03-31T20:53:06Z,20.8,1913.85,126263170,34002,30.2615,120.3545,浙江省,杭州市,2024-04-01T04:30:00.000Z,2024-04-01T08:51:00.000Z,262,24
2024-04-01T04:53:37Z,2024-03-31T20:53:37Z,20.8,1913.85,126263170,34002,30.2572,120.3553,浙江省,杭州市,2024-04-01T04:30:00.000Z,2024-04-01T08:51:00.000Z,262,24
2024-04-01T04:54:08Z,2024-03-31T20:54:08Z,20.8,1913.9,126264015,34002,30.2537,120.3561,浙江省,杭州市,2024-04-01T04:30:00.000Z,2024-04-01T08:51:00.000Z,262,24
2024-04-01T04:54:39Z,2024-03-31T20:54:39Z,20.8,1913.9,126264015,34002,30.2495,120.357,浙江省,杭州市,2024-04-01T04:30:00.000Z,2024-04-01T08:51:00.000Z,262,24
2024-04-01T04:55:10Z,2024-03-31T20:55:10Z,20.8,1913.9,126264015,34002,30.2445,120.3581,浙江省,杭州市,2024-04-01T04:30:00.000Z,2024-04-01T08:51:00.000Z,262,24
2024-04-01T04:55:41Z,2024-03-31T20:55:41Z,21.2,1913.9,126265175,34002.5,30.239,120.3592,浙江省,杭州市,2024-04-01T04:30:00.000Z,2024-04-01T08:51:00.000Z,262,24
2024-04-01T04:56:12Z,2024-03-31T20:56:12Z,21.6,1913.9,126265175,34002.5,30.2344,120.3598,浙江省,杭州市,2024-04-01T04:30:00.000Z,2024-04-01T08:51:00.000Z,262,24
2024-04-01T04:56:43Z,2024-03-31T20:56:43Z,21.2,1913.9,126266215,34002.5,30.2301,120.3599,浙江省,杭州市,2024-04-01T04:30:00.000Z,2024-04-01T08:51:00.000Z,262,24
2024-04-01T04:57:14Z,2024-03-31T20:57:14Z,20.8,1913.9,126266215,34002.5,30.226,120.3588,浙江省,杭州市,2024-04-01T04:30:00.000Z,2024-04-01T08:51:00.000Z,262,24
2024-04-01T04:57:45Z,2024-03-31T20:57:45Z,20.8,1913.95,126267100,34002.5,30.2231,120.3603,浙江省,杭州市,2024-04-01T04:30:00.000Z,2024-04-01T08:51:00.000Z,262,24
2024-04-01T04:57:52Z,2024-03-31T20:57:52Z,20.8,1913.95,126267100,34002.5,30.2231,120.3603,浙江省,杭州市,2024-04-01T04:30:00.000Z,2024-04-01T08:51:00.000Z,262,24
2024-04-01T04:58:23Z,2024-03-31T20:58:23Z,21.2,1913.95,126268000,34002.5,30.2203,120.3692,浙江省,杭州市,2024-04-01T04:30:00.000Z,2024-04-01T08:51:00.000Z,262,24
2024-04-01T04:59:05Z,2024-03-31T20:59:05Z,20.8,1913.95,126268000,34002.5,30.2179,120.3749,浙江省,杭州市,2024-04-01T04:30:00.000Z,2024-04-01T08:51:00.000Z,262,24
2024-04-01T04:59:49Z,2024-03-31T20:59:49Z,20.8,1913.95,126269200,34003,30.2153,120.3802,浙江省,杭州市,2024-04-01T04:30:00.000Z,2024-04-01T08:51:00.000Z,262,24
2024-04-01T05:00:20Z,2024-03-31T21:00:20Z,20.8,1914,126270435,34003.5,30.2125,120.3855,浙江省,杭州市,2024-04-01T04:30:00.000Z,2024-04-01T08:51:00.000Z,262,24
2024-04-01T05:00:51Z,2024-03-31T21:00:51Z,20.8,1914,126270435,34003.5,30.2098,120.3911,浙江省,杭州市,2024-04-01T04:30:00.000Z,2024-04-01T08:51:00.000Z,262,24
2024-04-01T05:01:22Z,2024-03-31T21:01:22Z,20.8,1914,126270435,34003.5,30.2074,120.3968,浙江省,杭州市,2024-04-01T04:30:00.000Z,2024-04-01T08:51:00.000Z,262,24
2024-04-01T05:01:53Z,2024-03-31T21:01:53Z,20.8,1914,126271655,34003.5,30.2043,120.4087,浙江省,杭州市,2024-04-01T04:30:00.000Z,2024-04-01T08:51:00.000Z,262,24
2024-04-01T05:02:24Z,2024-03-31T21:02:24Z,20.8,1914,126272875,34003.5,30.2035,120.4149,浙江省,杭州市,2024-04-01T04:30:00.000Z,2024-04-01T08:51:00.000Z,262,24
2024-04-01T05:02:55Z,2024-03-31T21:02:55Z,20.8,1914,126272875,34003.5,30.2032,120.421,浙江省,杭州市,2024-04-01T04:30:00.000Z,2024-04-01T08:51:00.000Z,262,24
2024-04-01T05:03:26Z,2024-03-31T21:03:26Z,20.8,1914,126272875,34003.5,30.2026,120.4271,浙江省,杭州市,2024-04-01T04:30:00.000Z,2024-04-01T08:51:00.000Z,262,24
2024-04-01T05:03:57Z,2024-03-31T21:03:57Z,20.8,1914.05,126274085,34004,30.2017,120.4334,浙江省,杭州市,2024-04-01T04:30:00.000Z,2024-04-01T08:51:00.000Z,262,24
2024-04-01T05:04:28Z,2024-03-31T21:04:28Z,20.8,1914.05,126274085,34004,30.2003,120.4394,浙江省,杭州市,2024-04-01T04:30:00.000Z,2024-04-01T08:51:00.000Z,262,24
2024-04-01T05:04:59Z,2024-03-31T21:04:59Z,20.8,1914.05,126275300,34004,30.1985,120.4452,浙江省,杭州市,2024-04-01T04:30:00.000Z,2024-04-01T08:51:00.000Z,262,24
2024-04-01T05:05:30Z,2024-03-31T21:05:30Z,20.8,1914.05,126275300,34004,30.1967,120.4513,浙江省,杭州市,2024-04-01T04:30:00.000Z,2024-04-01T08:51:00.000Z,262,24
2024-04-01T05:06:01Z,2024-03-31T21:06:01Z,20.8,1914.05,126276530,34004.5,30.1948,120.4577,浙江省,杭州市,2024-04-01T04:30:00.000Z,2024-04-01T08:51:00.000Z,262,24
2024-04-01T05:06:32Z,2024-03-31T21:06:32Z,20.8,1914.05,126276530,34004.5,30.1928,120.464,浙江省,杭州市,2024-04-01T04:30:00.000Z,2024-04-01T08:51:00.000Z,262,24
2024-04-01T05:07:03Z,2024-03-31T21:07:03Z,20.8,1914.1,126277835,34005,30.1905,120.4703,浙江省,杭州市,2024-04-01T04:30:00.000Z,2024-04-01T08:51:00.000Z,262,24
2024-04-01T05:07:34Z,2024-03-31T21:07:34Z,20.8,1914.1,126277835,34005,30.1879,120.4762,浙江省,杭州市,2024-04-01T04:30:00.000Z,2024-04-01T08:51:00.000Z,262,24
2024-04-01T05:07:52Z,2024-03-31T21:07:52Z,20.8,1914.1,126279160,34005,30.1879,120.4762,浙江省,杭州市,2024-04-01T04:30:00.000Z,2024-04-01T08:51:00.000Z,262,24
2024-04-01T05:08:23Z,2024-03-31T21:08:23Z,20.8,1914.1,126279160,34005,30.1826,120.488,浙江省,杭州市,2024-04-01T04:30:00.000Z,2024-04-01T08:51:00.000Z,262,24
2024-04-01T05:08:55Z,2024-03-31T21:08:55Z,20.8,1914.15,126280435,34005.5,30.1802,120.4937,浙江省,杭州市,2024-04-01T04:30:00.000Z,2024-04-01T08:51:00.000Z,262,24
2024-04-01T05:09:37Z,2024-03-31T21:09:37Z,20.8,1914.15,126280435,34005.5,30.1774,120.4991,浙江省,杭州市,2024-04-01T04:30:00.000Z,2024-04-01T08:51:00.000Z,262,24
2024-04-01T05:10:08Z,2024-03-31T21:10:08Z,20.8,1914.15,126281675,34005.5,30.1738,120.5041,浙江省,杭州市,2024-04-01T04:30:00.000Z,2024-04-01T08:51:00.000Z,262,24
2024-04-01T05:10:39Z,2024-03-31T21:10:39Z,20.8,1914.15,126281675,34005.5,30.1695,120.5082,浙江省,杭州市,2024-04-01T04:30:00.000Z,2024-04-01T08:51:00.000Z,262,24
2024-04-01T05:11:10Z,2024-03-31T21:11:10Z,20.8,1914.15,126282945,34006,30.1648,120.5118,浙江省,绍兴市,2024-04-01T04:30:00.000Z,2024-04-01T08:51:00.000Z,262,24
2024-04-01T05:11:41Z,2024-03-31T21:11:41Z,20.8,1914.15,126282945,34006,30.1601,120.5153,浙江省,杭州市,2024-04-01T04:30:00.000Z,2024-04-01T08:51:00.000Z,262,24
2024-04-01T05:12:12Z,2024-03-31T21:12:12Z,20.8,1914.2,126284195,34006,30.1557,120.5186,浙江省,杭州市,2024-04-01T04:30:00.000Z,2024-04-01T08:51:00.000Z,262,24
2024-04-01T05:12:43Z,2024-03-31T21:12:43Z,20.8,1914.2,126284195,34006,30.1513,120.522,浙江省,绍兴市,2024-04-01T04:30:00.000Z,2024-04-01T08:51:00.000Z,262,24
2024-04-01T05:13:14Z,2024-03-31T21:13:14Z,20.8,1914.2,126285395,34006.5,30.1465,120.5256,浙江省,绍兴市,2024-04-01T04:30:00.000Z,2024-04-01T08:51:00.000Z,262,24
2024-04-01T05:13:45Z,2024-03-31T21:13:45Z,20.8,1914.2,126285395,34006.5,30.1424,120.5296,浙江省,绍兴市,2024-04-01T04:30:00.000Z,2024-04-01T08:51:00.000Z,262,24
2024-04-01T05:14:16Z,2024-03-31T21:14:16Z,20.8,1914.2,126286615,34006.5,30.1391,120.5345,浙江省,绍兴市,2024-04-01T04:30:00.000Z,2024-04-01T08:51:00.000Z,262,24
2024-04-01T05:14:47Z,2024-03-31T21:14:47Z,20.8,1914.2,126286615,34006.5,30.1367,120.5399,浙江省,绍兴市,2024-04-01T04:30:00.000Z,2024-04-01T08:51:00.000Z,262,24
2024-04-01T05:15:18Z,2024-03-31T21:15:18Z,20.8,1914.25,126287795,34006.5,30.1348,120.5454,浙江省,绍兴市,2024-04-01T04:30:00.000Z,2024-04-01T08:51:00.000Z,262,24
2024-04-01T05:15:49Z,2024-03-31T21:15:49Z,20.8,1914.25,126288840,34007,30.1327,120.5505,浙江省,绍兴市,2024-04-01T04:30:00.000Z,2024-04-01T08:51:00.000Z,262,24
2024-04-01T05:16:20Z,2024-03-31T21:16:20Z,20.8,1914.25,126288840,34007,30.1287,120.5513,浙江省,绍兴市,2024-04-01T04:30:00.000Z,2024-04-01T08:51:00.000Z,262,24
2024-04-01T05:16:51Z,2024-03-31T21:16:51Z,20.8,1914.25,126288840,34007,30.124,120.5504,浙江省,绍兴市,2024-04-01T04:30:00.000Z,2024-04-01T08:51:00.000Z,262,24
2024-04-01T05:17:22Z,2024-03-31T21:17:22Z,20.8,1914.25,126289905,34007,30.1193,120.5497,浙江省,绍兴市,2024-04-01T04:30:00.000Z,2024-04-01T08:51:00.000Z,262,24
2024-04-01T05:17:52Z,2024-03-31T21:17:52Z,20.8,1914.25,126289905,34007,30.1147,120.5477,浙江省,绍兴市,2024-04-01T04:30:00.000Z,2024-04-01T08:51:00.000Z,262,24
2024-04-01T05:18:23Z,2024-03-31T21:18:23Z,20.8,1914.3,126291020,34007.5,30.109,120.5378,浙江省,绍兴市,2024-04-01T04:30:00.000Z,2024-04-01T08:51:00.000Z,262,24
2024-04-01T05:18:54Z,2024-03-31T21:18:54Z,20.8,1914.3,126291020,34007.5,30.1064,120.5326,浙江省,绍兴市,2024-04-01T04:30:00.000Z,2024-04-01T08:51:00.000Z,262,24
2024-04-01T05:19:25Z,2024-03-31T21:19:25Z,20.8,1914.3,126292240,34007.5,30.1017,120.529,浙江省,绍兴市,2024-04-01T04:30:00.000Z,2024-04-01T08:51:00.000Z,262,24
2024-04-01T05:19:56Z,2024-03-31T21:19:56Z,20.8,1914.3,126292240,34007.5,30.0972,120.5269,浙江省,绍兴市,2024-04-01T04:30:00.000Z,2024-04-01T08:51:00.000Z,262,24
2024-04-01T05:20:27Z,2024-03-31T21:20:27Z,20.8,1914.3,126293410,34008,30.0928,120.5258,浙江省,绍兴市,2024-04-01T04:30:00.000Z,2024-04-01T08:51:00.000Z,262,24
2024-04-01T05:20:58Z,2024-03-31T21:20:58Z,20.8,1914.3,126293410,34008,30.0877,120.5259,浙江省,绍兴市,2024-04-01T04:30:00.000Z,2024-04-01T08:51:00.000Z,262,24
2024-04-01T05:21:29Z,2024-03-31T21:21:29Z,20.8,1914.35,126294500,34008,30.0829,120.526,浙江省,绍兴市,2024-04-01T04:30:00.000Z,2024-04-01T08:51:00.000Z,262,24
2024-04-01T05:22:00Z,2024-03-31T21:22:00Z,20.8,1914.35,126294500,34008,30.0781,120.526,浙江省,绍兴市,2024-04-01T04:30:00.000Z,2024-04-01T08:51:00.000Z,262,24
2024-04-01T05:22:31Z,2024-03-31T21:22:31Z,20.8,1914.35,126295570,34008.5,30.0733,120.5261,浙江省,绍兴市,2024-04-01T04:30:00.000Z,2024-04-01T08:51:00.000Z,262,24
2024-04-01T05:23:02Z,2024-03-31T21:23:02Z,20.8,1914.35,126295570,34008.5,30.0686,120.5261,浙江省,绍兴市,2024-04-01T04:30:00.000Z,2024-04-01T08:51:00.000Z,262,24
2024-04-01T05:23:33Z,2024-03-31T21:23:33Z,20.8,1914.35,126296630,34008.5,30.0637,120.5264,浙江省,绍兴市,2024-04-01T04:30:00.000Z,2024-04-01T08:51:00.000Z,262,24
2024-04-01T05:24:04Z,2024-03-31T21:24:04Z,20.8,1914.35,126296630,34008.5,30.0587,120.5266,浙江省,绍兴市,2024-04-01T04:30:00.000Z,2024-04-01T08:51:00.000Z,262,24
2024-04-01T05:24:35Z,2024-03-31T21:24:35Z,20.8,1914.4,126297765,34009,30.0535,120.527,浙江省,绍兴市,2024-04-01T04:30:00.000Z,2024-04-01T08:51:00.000Z,262,24
2024-04-01T05:25:06Z,2024-03-31T21:25:06Z,20.8,1914.4,126297765,34009,30.0487,120.5273,浙江省,绍兴市,2024-04-01T04:30:00.000Z,2024-04-01T08:51:00.000Z,262,24
2024-04-01T05:25:37Z,2024-03-31T21:25:37Z,20.8,1914.4,126298875,34009,30.0439,120.5255,浙江省,绍兴市,2024-04-01T04:30:00.000Z,2024-04-01T08:51:00.000Z,262,24
2024-04-01T05:26:08Z,2024-03-31T21:26:08Z,20.8,1914.4,126298875,34009,30.0398,120.5219,浙江省,绍兴市,2024-04-01T04:30:00.000Z,2024-04-01T08:51:00.000Z,262,24
2024-04-01T05:26:39Z,2024-03-31T21:26:39Z,20.8,1914.4,126300060,34009,30.0354,120.518,浙江省,绍兴市,2024-04-01T04:30:00.000Z,2024-04-01T08:51:00.000Z,262,24
2024-04-01T05:27:10Z,2024-03-31T21:27:10Z,20.8,1914.4,126300060,34009,30.0317,120.5136,浙江省,绍兴市,2024-04-01T04:30:00.000Z,2024-04-01T08:51:00.000Z,262,24
2024-04-01T05:27:41Z,2024-03-31T21:27:41Z,20.8,1914.45,126301250,34009.5,30.0285,120.509,浙江省,绍兴市,2024-04-01T04:30:00.000Z,2024-04-01T08:51:00.000Z,262,24
2024-04-01T05:27:52Z,2024-03-31T21:27:52Z,20.8,1914.45,126301250,34009.5,30.0285,120.509,浙江省,绍兴市,2024-04-01T04:30:00.000Z,2024-04-01T08:51:00.000Z,262,24
2024-04-01T05:28:23Z,2024-03-31T21:28:23Z,20.8,1914.45,126302230,34009.5,30.0246,120.5013,浙江省,绍兴市,2024-04-01T04:30:00.000Z,2024-04-01T08:51:00.000Z,262,24
2024-04-01T05:29:14Z,2024-03-31T21:29:14Z,22,1914.45,126302230,34009.5,30.0244,120.5009,浙江省,绍兴市,2024-04-01T04:30:00.000Z,2024-04-01T08:51:00.000Z,262,24
2024-04-01T05:29:45Z,2024-03-31T21:29:45Z,22,1914.45,126302390,34009.5,30.0244,120.5009,浙江省,绍兴市,2024-04-01T04:30:00.000Z,2024-04-01T08:51:00.000Z,262,24
2024-04-01T05:30:16Z,2024-03-31T21:30:16Z,22,1914.45,126302390,34009.5,30.0244,120.5009,浙江省,绍兴市,2024-04-01T04:30:00.000Z,2024-04-01T08:51:00.000Z,262,24
2024-04-01T05:30:47Z,2024-03-31T21:30:47Z,20.8,1914.45,126302405,34009.5,30.0244,120.5009,浙江省,绍兴市,2024-04-01T04:30:00.000Z,2024-04-01T08:51:00.000Z,262,24
2024-04-01T05:31:18Z,2024-03-31T21:31:18Z,20.8,1914.45,126302405,34009.5,30.0244,120.5007,浙江省,绍兴市,2024-04-01T04:30:00.000Z,2024-04-01T08:51:00.000Z,262,24
2024-04-01T05:32:05Z,2024-03-31T21:32:05Z,20.8,1914.45,126302410,34009.5,30.0244,120.5007,浙江省,绍兴市,2024-04-01T04:30:00.000Z,2024-04-01T08:51:00.000Z,262,24
2024-04-01T05:33:05Z,2024-03-31T21:33:05Z,20.8,1914.45,126302410,34009.5,30.0244,120.5007,浙江省,绍兴市,2024-04-01T04:30:00.000Z,2024-04-01T08:51:00.000Z,262,24
2024-04-01T05:34:05Z,2024-03-31T21:34:05Z,20.8,1914.45,126302410,34009.5,30.0244,120.5007,浙江省,绍兴市,2024-04-01T04:30:00.000Z,2024-04-01T08:51:00.000Z,262,24
2024-04-01T05:35:05Z,2024-03-31T21:35:05Z,20.8,1914.45,126302410,34009.5,30.0244,120.5007,浙江省,绍兴市,2024-04-01T04:30:00.000Z,2024-04-01T08:51:00.000Z,262,24
2024-04-01T05:36:05Z,2024-03-31T21:36:05Z,20.8,1914.45,126302410,34009.5,30.0243,120.5007,浙江省,绍兴市,2024-04-01T04:30:00.000Z,2024-04-01T08:51:00.000Z,262,24
2024-04-01T05:37:05Z,2024-03-31T21:37:05Z,20.8,1914.45,126302410,34009.5,30.0243,120.5007,浙江省,绍兴市,2024-04-01T04:30:00.000Z,2024-04-01T08:51:00.000Z,262,24
2024-04-01T05:38:05Z,2024-03-31T21:38:05Z,20.8,1914.45,126302410,34009.5,30.0243,120.5007,浙江省,绍兴市,2024-04-01T04:30:00.000Z,2024-04-01T08:51:00.000Z,262,24
2024-04-01T05:38:37Z,2024-03-31T21:38:37Z,20.8,1914.45,126302410,34009.5,30.0243,120.5006,浙江省,绍兴市,2024-04-01T04:30:00.000Z,2024-04-01T08:51:00.000Z,262,24
2024-04-01T05:39:35Z,2024-03-31T21:39:35Z,20.8,1914.45,126302410,34009.5,30.0243,120.5006,浙江省,绍兴市,2024-04-01T04:30:00.000Z,2024-04-01T08:51:00.000Z,262,24
2024-04-01T05:40:35Z,2024-03-31T21:40:35Z,20.8,1914.45,126302410,34009.5,30.0243,120.5006,浙江省,绍兴市,2024-04-01T04:30:00.000Z,2024-04-01T08:51:00.000Z,262,24
2024-04-01T05:41:35Z,2024-03-31T21:41:35Z,20.8,1914.45,126302410,34009.5,30.0243,120.5006,浙江省,绍兴市,2024-04-01T04:30:00.000Z,2024-04-01T08:51:00.000Z,262,24
2024-04-01T05:42:35Z,2024-03-31T21:42:35Z,20.8,1914.45,126302410,34009.5,30.0243,120.5006,浙江省,绍兴市,2024-04-01T04:30:00.000Z,2024-04-01T08:51:00.000Z,262,24
2024-04-01T05:43:35Z,2024-03-31T21:43:35Z,20.8,1914.45,126302410,34009.5,30.0243,120.5006,浙江省,绍兴市,2024-04-01T04:30:00.000Z,2024-04-01T08:51:00.000Z,262,24
2024-04-01T05:44:35Z,2024-03-31T21:44:35Z,20.8,1914.45,126302410,34009.5,30.0243,120.5006,浙江省,绍兴市,2024-04-01T04:30:00.000Z,2024-04-01T08:51:00.000Z,262,24
2024-04-01T05:45:35Z,2024-03-31T21:45:35Z,20.8,1914.45,126302410,34009.5,30.0243,120.5006,浙江省,绍兴市,2024-04-01T04:30:00.000Z,2024-04-01T08:51:00.000Z,262,24
2024-04-01T05:46:35Z,2024-03-31T21:46:35Z,20.8,1914.45,126302410,34009.5,30.0243,120.5006,浙江省,绍兴市,2024-04-01T04:30:00.000Z,2024-04-01T08:51:00.000Z,262,24
2024-04-01T05:47:35Z,2024-03-31T21:47:35Z,20.8,1914.45,126302410,34009.5,30.0243,120.5006,浙江省,绍兴市,2024-04-01T04:30:00.000Z,2024-04-01T08:51:00.000Z,262,24
2024-04-01T05:48:35Z,2024-03-31T21:48:35Z,20.8,1914.45,126302410,34009.5,30.0243,120.5006,浙江省,绍兴市,2024-04-01T04:30:00.000Z,2024-04-01T08:51:00.000Z,262,24
2024-04-01T05:49:35Z,2024-03-31T21:49:35Z,20.8,1914.45,126302410,34009.5,30.0243,120.5006,浙江省,绍兴市,2024-04-01T04:30:00.000Z,2024-04-01T08:51:00.000Z,262,24
2024-04-01T05:50:14Z,2024-03-31T21:50:14Z,20.8,1914.45,126302410,34009.5,30.0243,120.5006,浙江省,绍兴市,2024-04-01T04:30:00.000Z,2024-04-01T08:51:00.000Z,262,24
2024-04-01T05:51:05Z,2024-03-31T21:51:05Z,20.8,1914.45,126302410,34009.5,30.0243,120.5006,浙江省,绍兴市,2024-04-01T04:30:00.000Z,2024-04-01T08:51:00.000Z,262,24
2024-04-01T05:52:05Z,2024-03-31T21:52:05Z,20.8,1914.45,126302410,34009.5,30.0243,120.5006,浙江省,绍兴市,2024-04-01T04:30:00.000Z,2024-04-01T08:51:00.000Z,262,24
2024-04-01T05:53:05Z,2024-03-31T21:53:05Z,20.8,1914.45,126302410,34009.5,30.0243,120.5006,浙江省,绍兴市,2024-04-01T04:30:00.000Z,2024-04-01T08:51:00.000Z,262,24
2024-04-01T05:54:05Z,2024-03-31T21:54:05Z,20.8,1914.45,126302410,34009.5,30.0243,120.5006,浙江省,绍兴市,2024-04-01T04:30:00.000Z,2024-04-01T08:51:00.000Z,262,24
2024-04-01T05:55:05Z,2024-03-31T21:55:05Z,20.8,1914.45,126302410,34009.5,30.0243,120.5006,浙江省,绍兴市,2024-04-01T04:30:00.000Z,2024-04-01T08:51:00.000Z,262,24
2024-04-01T05:56:05Z,2024-03-31T21:56:05Z,20.8,1914.45,126302410,34009.5,30.0243,120.5006,浙江省,绍兴市,2024-04-01T04:30:00.000Z,2024-04-01T08:51:00.000Z,262,24
2024-04-01T05:57:05Z,2024-03-31T21:57:05Z,20.8,1914.45,126302410,34009.5,30.0243,120.5006,浙江省,绍兴市,2024-04-01T04:30:00.000Z,2024-04-01T08:51:00.000Z,262,24
2024-04-01T05:58:05Z,2024-03-31T21:58:05Z,20.8,1914.45,126302410,34009.5,30.0243,120.5006,浙江省,绍兴市,2024-04-01T04:30:00.000Z,2024-04-01T08:51:00.000Z,262,24
2024-04-01T05:58:54Z,2024-03-31T21:58:54Z,20.8,1914.45,126302410,34009.5,30.0243,120.5006,浙江省,绍兴市,2024-04-01T04:30:00.000Z,2024-04-01T08:51:00.000Z,262,24
2024-04-01T05:59:28Z,2024-03-31T21:59:28Z,20.8,1914.45,126302410,34009.5,30.0242,120.5004,浙江省,绍兴市,2024-04-01T04:30:00.000Z,2024-04-01T08:51:00.000Z,262,24
2024-04-01T05:59:59Z,2024-03-31T21:59:59Z,20.8,1914.5,126302465,34009.5,30.0233,120.4987,浙江省,绍兴市,2024-04-01T04:30:00.000Z,2024-04-01T08:51:00.000Z,262,24
2024-04-01T06:00:30Z,2024-03-31T22:00:30Z,20.8,1914.5,126302465,34009.5,30.0224,120.4965,浙江省,绍兴市,2024-04-01T04:30:00.000Z,2024-04-01T08:51:00.000Z,262,24
2024-04-01T06:01:01Z,2024-03-31T22:01:01Z,20.8,1914.5,126302920,34009.5,30.0208,120.4932,浙江省,绍兴市,2024-04-01T04:30:00.000Z,2024-04-01T08:51:00.000Z,262,24
2024-04-01T06:01:32Z,2024-03-31T22:01:32Z,20.4,1914.5,126302920,34009.5,30.0182,120.4881,浙江省,绍兴市,2024-04-01T04:30:00.000Z,2024-04-01T08:51:00.000Z,262,24
2024-04-01T06:02:03Z,2024-03-31T22:02:03Z,20.4,1914.5,126303945,34010,30.0154,120.4825,浙江省,绍兴市,2024-04-01T04:30:00.000Z,2024-04-01T08:51:00.000Z,262,24
2024-04-01T06:02:34Z,2024-03-31T22:02:34Z,20.8,1914.5,126303945,34010,30.0113,120.4783,浙江省,绍兴市,2024-04-01T04:30:00.000Z,2024-04-01T08:51:00.000Z,262,24
2024-04-01T06:03:05Z,2024-03-31T22:03:05Z,20.8,1914.55,126305175,34010.5,30.0063,120.4763,浙江省,绍兴市,2024-04-01T04:30:00.000Z,2024-04-01T08:51:00.000Z,262,24
2024-04-01T06:03:36Z,2024-03-31T22:03:36Z,20.8,1914.55,126305175,34010.5,30.0007,120.476,浙江省,绍兴市,2024-04-01T04:30:00.000Z,2024-04-01T08:51:00.000Z,262,24
2024-04-01T06:04:07Z,2024-03-31T22:04:07Z,20.8,1914.55,126306405,34010.5,29.9954,120.476,浙江省,绍兴市,2024-04-01T04:30:00.000Z,2024-04-01T08:51:00.000Z,262,24
2024-04-01T06:04:38Z,2024-03-31T22:04:38Z,20.8,1914.55,126306405,34010.5,29.9907,120.4781,浙江省,绍兴市,2024-04-01T04:30:00.000Z,2024-04-01T08:51:00.000Z,262,24
2024-04-01T06:05:09Z,2024-03-31T22:05:09Z,20.8,1914.55,126307545,34010.5,29.9865,120.4813,浙江省,绍兴市,2024-04-01T04:30:00.000Z,2024-04-01T08:51:00.000Z,262,24
2024-04-01T06:05:40Z,2024-03-31T22:05:40Z,20.8,1914.55,126307545,34010.5,29.9819,120.4847,浙江省,绍兴市,2024-04-01T04:30:00.000Z,2024-04-01T08:51:00.000Z,262,24
2024-04-01T06:06:11Z,2024-03-31T22:06:11Z,20.8,1914.6,126308765,34011,29.9771,120.4878,浙江省,绍兴市,2024-04-01T04:30:00.000Z,2024-04-01T08:51:00.000Z,262,24
2024-04-01T06:06:42Z,2024-03-31T22:06:42Z,20.8,1914.6,126308765,34011,29.9725,120.4908,浙江省,绍兴市,2024-04-01T04:30:00.000Z,2024-04-01T08:51:00.000Z,262,24
2024-04-01T06:07:24Z,2024-03-31T22:07:24Z,20.4,1914.6,126309945,34011,29.9656,120.4995,浙江省,绍兴市,2024-04-01T04:30:00.000Z,2024-04-01T08:51:00.000Z,262,24
2024-04-01T06:08:08Z,2024-03-31T22:08:08Z,20.8,1914.6,126311100,34011.5,29.9617,120.5035,浙江省,绍兴市,2024-04-01T04:30:00.000Z,2024-04-01T08:51:00.000Z,262,24
2024-04-01T06:08:45Z,2024-03-31T22:08:45Z,20.8,1914.6,126311100,34011.5,29.9571,120.5057,浙江省,绍兴市,2024-04-01T04:30:00.000Z,2024-04-01T08:51:00.000Z,262,24
2024-04-01T06:09:16Z,2024-03-31T22:09:16Z,20.8,1914.65,126312250,34011.5,29.952,120.5069,浙江省,绍兴市,2024-04-01T04:30:00.000Z,2024-04-01T08:51:00.000Z,262,24
2024-04-01T06:09:28Z,2024-03-31T22:09:28Z,20.8,1914.65,126312250,34011.5,29.948,120.5102,浙江省,绍兴市,2024-04-01T04:30:00.000Z,2024-04-01T08:51:00.000Z,262,24
2024-04-01T06:10:11Z,2024-03-31T22:10:11Z,20.4,1914.65,126313435,34012,29.9452,120.5155,浙江省,绍兴市,2024-04-01T04:30:00.000Z,2024-04-01T08:51:00.000Z,262,24
2024-04-01T06:10:42Z,2024-03-31T22:10:42Z,20.8,1914.65,126313435,34012,29.945,120.516,浙江省,绍兴市,2024-04-01T04:30:00.000Z,2024-04-01T08:51:00.000Z,262,24
2024-04-01T06:11:20Z,2024-03-31T22:11:20Z,20.8,1914.65,126314655,34012,29.9419,120.5274,浙江省,绍兴市,2024-04-01T04:30:00.000Z,2024-04-01T08:51:00.000Z,262,24
2024-04-01T06:11:51Z,2024-03-31T22:11:51Z,20.8,1914.65,126314655,34012,29.939,120.5323,浙江省,绍兴市,2024-04-01T04:30:00.000Z,2024-04-01T08:51:00.000Z,262,24
2024-04-01T06:12:22Z,2024-03-31T22:12:22Z,20.4,1914.7,126315840,34012.5,29.9349,120.5362,浙江省,绍兴市,2024-04-01T04:30:00.000Z,2024-04-01T08:51:00.000Z,262,24
2024-04-01T06:12:53Z,2024-03-31T22:12:53Z,20.8,1914.7,126315840,34012.5,29.9308,120.54,浙江省,绍兴市,2024-04-01T04:30:00.000Z,2024-04-01T08:51:00.000Z,262,24
2024-04-01T06:13:24Z,2024-03-31T22:13:24Z,20.8,1914.7,126317020,34012.5,29.9217,120.5455,浙江省,绍兴市,2024-04-01T04:30:00.000Z,2024-04-01T08:51:00.000Z,262,24
2024-04-01T06:13:55Z,2024-03-31T22:13:55Z,20.4,1914.7,126317020,34012.5,29.9163,120.5465,浙江省,绍兴市,2024-04-01T04:30:00.000Z,2024-04-01T08:51:00.000Z,262,24
2024-04-01T06:14:26Z,2024-03-31T22:14:26Z,20.4,1914.7,126318230,34013,29.9111,120.5478,浙江省,绍兴市,2024-04-01T04:30:00.000Z,2024-04-01T08:51:00.000Z,262,24
2024-04-01T06:14:57Z,2024-03-31T22:14:57Z,20,1914.7,126318230,34013,29.9071,120.5493,浙江省,绍兴市,2024-04-01T04:30:00.000Z,2024-04-01T08:51:00.000Z,262,24
2024-04-01T06:15:28Z,2024-03-31T22:15:28Z,20.4,1914.75,126319335,34013,29.9037,120.5507,浙江省,绍兴市,2024-04-01T04:30:00.000Z,2024-04-01T08:51:00.000Z,262,24
2024-04-01T06:15:59Z,2024-03-31T22:15:59Z,20,1914.75,126319335,34013,29.9031,120.5512,浙江省,绍兴市,2024-04-01T04:30:00.000Z,2024-04-01T08:51:00.000Z,262,24
2024-04-01T06:16:30Z,2024-03-31T22:16:30Z,20,1914.75,126320140,34013.5,29.8966,120.5545,浙江省,绍兴市,2024-04-01T04:30:00.000Z,2024-04-01T08:51:00.000Z,262,24
2024-04-01T06:17:01Z,2024-03-31T22:17:01Z,19.6,1914.75,126320140,34013.5,29.8962,120.5547,浙江省,绍兴市,2024-04-01T04:30:00.000Z,2024-04-01T08:51:00.000Z,262,24
2024-04-01T06:17:32Z,2024-03-31T22:17:32Z,19.6,1914.75,126321070,34013.5,29.8962,120.5547,浙江省,绍兴市,2024-04-01T04:30:00.000Z,2024-04-01T08:51:00.000Z,262,24
2024-04-01T06:18:03Z,2024-03-31T22:18:03Z,19.6,1914.75,126321070,34013.5,29.8962,120.5547,浙江省,绍兴市,2024-04-01T04:30:00.000Z,2024-04-01T08:51:00.000Z,262,24
2024-04-01T06:18:34Z,2024-03-31T22:18:34Z,20.4,1914.8,126322215,34014,29.8962,120.5547,浙江省,绍兴市,2024-04-01T04:30:00.000Z,2024-04-01T08:51:00.000Z,262,24
2024-04-01T06:19:05Z,2024-03-31T22:19:05Z,20.4,1914.8,126322215,34014,29.8962,120.5547,浙江省,绍兴市,2024-04-01T04:30:00.000Z,2024-04-01T08:51:00.000Z,262,24
2024-04-01T06:19:28Z,2024-03-31T22:19:28Z,20.8,1914.8,126323310,34014,29.8962,120.5547,浙江省,绍兴市,2024-04-01T04:30:00.000Z,2024-04-01T08:51:00.000Z,262,24
2024-04-01T06:20:02Z,2024-03-31T22:20:02Z,20.8,1914.8,126323310,34014,29.8962,120.5547,浙江省,绍兴市,2024-04-01T04:30:00.000Z,2024-04-01T08:51:00.000Z,262,24
2024-04-01T06:20:38Z,2024-03-31T22:20:38Z,20.8,1914.8,126324500,34014.5,29.8962,120.5547,浙江省,绍兴市,2024-04-01T04:30:00.000Z,2024-04-01T08:51:00.000Z,262,24
2024-04-01T06:21:20Z,2024-03-31T22:21:20Z,20.8,1914.85,126325835,34014.5,29.8543,120.5723,浙江省,绍兴市,2024-04-01T04:30:00.000Z,2024-04-01T08:51:00.000Z,262,24
2024-04-01T06:21:54Z,2024-03-31T22:21:54Z,20.8,1914.85,126325835,34014.5,29.8454,120.581,浙江省,绍兴市,2024-04-01T04:30:00.000Z,2024-04-01T08:51:00.000Z,262,24
2024-04-01T06:22:26Z,2024-03-31T22:22:26Z,20.8,1914.85,126327125,34014.5,29.8413,120.5831,浙江省,绍兴市,2024-04-01T04:30:00.000Z,2024-04-01T08:51:00.000Z,262,24
2024-04-01T06:23:12Z,2024-03-31T22:23:12Z,20.8,1914.85,126328270,34015,29.8374,120.5881,浙江省,绍兴市,2024-04-01T04:30:00.000Z,2024-04-01T08:51:00.000Z,262,24
2024-04-01T06:23:43Z,2024-03-31T22:23:43Z,20.8,1914.85,126328270,34015,29.8359,120.5901,浙江省,绍兴市,2024-04-01T04:30:00.000Z,2024-04-01T08:51:00.000Z,262,24
2024-04-01T06:24:14Z,2024-03-31T22:24:14Z,20.8,1914.9,126329585,34015.5,29.8281,120.5946,浙江省,绍兴市,2024-04-01T04:30:00.000Z,2024-04-01T08:51:00.000Z,262,24
2024-04-01T06:24:45Z,2024-03-31T22:24:45Z,20.4,1914.9,126329585,34015.5,29.825,120.5946,浙江省,绍兴市,2024-04-01T04:30:00.000Z,2024-04-01T08:51:00.000Z,262,24
2024-04-01T06:25:16Z,2024-03-31T22:25:16Z,20.4,1914.9,126329585,34015.5,29.817,120.5955,浙江省,绍兴市,2024-04-01T04:30:00.000Z,2024-04-01T08:51:00.000Z,262,24
2024-04-01T06:25:47Z,2024-03-31T22:25:47Z,20.4,1914.9,126330820,34015.5,29.812,120.5981,浙江省,绍兴市,2024-04-01T04:30:00.000Z,2024-04-01T08:51:00.000Z,262,24
2024-04-01T06:26:18Z,2024-03-31T22:26:18Z,20,1914.9,126330820,34015.5,29.8082,120.6027,浙江省,绍兴市,2024-04-01T04:30:00.000Z,2024-04-01T08:51:00.000Z,262,24
2024-04-01T06:26:49Z,2024-03-31T22:26:49Z,20,1914.9,126332070,34016,29.8046,120.6077,浙江省,绍兴市,2024-04-01T04:30:00.000Z,2024-04-01T08:51:00.000Z,262,24
2024-04-01T06:27:20Z,2024-03-31T22:27:20Z,20.4,1914.9,126332070,34016,29.8009,120.6116,浙江省,绍兴市,2024-04-01T04:30:00.000Z,2024-04-01T08:51:00.000Z,262,24
2024-04-01T06:27:51Z,2024-03-31T22:27:51Z,20.4,1914.95,126333420,34016,29.7946,120.6151,浙江省,绍兴市,2024-04-01T04:30:00.000Z,2024-04-01T08:51:00.000Z,262,24
2024-04-01T06:28:22Z,2024-03-31T22:28:22Z,20.4,1914.95,126333420,34016,29.7931,120.6156,浙江省,绍兴市,2024-04-01T04:30:00.000Z,2024-04-01T08:51:00.000Z,262,24
2024-04-01T06:28:53Z,2024-03-31T22:28:53Z,20,1914.95,126334670,34016.5,29.7931,120.6156,浙江省,绍兴市,2024-04-01T04:30:00.000Z,2024-04-01T08:51:00.000Z,262,24
2024-04-01T06:29:24Z,2024-03-31T22:29:24Z,19.6,1914.95,126334670,34016.5,29.7931,120.6156,浙江省,绍兴市,2024-04-01T04:30:00.000Z,2024-04-01T08:51:00.000Z,262,24
2024-04-01T06:29:28Z,2024-03-31T22:29:28Z,19.6,1914.95,126335965,34017,29.7931,120.6156,浙江省,绍兴市,2024-04-01T04:30:00.000Z,2024-04-01T08:51:00.000Z,262,24
2024-04-01T06:30:24Z,2024-03-31T22:30:24Z,19.6,1914.95,126335965,34017,29.7931,120.6156,浙江省,绍兴市,2024-04-01T04:30:00.000Z,2024-04-01T08:51:00.000Z,262,24
2024-04-01T06:30:57Z,2024-03-31T22:30:57Z,20,1915,126337295,34017,29.7931,120.6156,浙江省,绍兴市,2024-04-01T04:30:00.000Z,2024-04-01T08:51:00.000Z,262,24
2024-04-01T06:31:28Z,2024-03-31T22:31:28Z,19.2,1915,126337295,34017,29.7931,120.6156,浙江省,绍兴市,2024-04-01T04:30:00.000Z,2024-04-01T08:51:00.000Z,262,24
2024-04-01T06:31:59Z,2024-03-31T22:31:59Z,19.2,1915,126338570,34017.5,29.7931,120.6156,浙江省,绍兴市,2024-04-01T04:30:00.000Z,2024-04-01T08:51:00.000Z,262,24
2024-04-01T06:32:30Z,2024-03-31T22:32:30Z,18.4,1915,126338570,34017.5,29.7931,120.6156,浙江省,绍兴市,2024-04-01T04:30:00.000Z,2024-04-01T08:51:00.000Z,262,24
2024-04-01T06:33:01Z,2024-03-31T22:33:01Z,18,1915.05,126339825,34018,29.7931,120.6156,浙江省,绍兴市,2024-04-01T04:30:00.000Z,2024-04-01T08:51:00.000Z,262,24
2024-04-01T06:33:32Z,2024-03-31T22:33:32Z,18,1915.05,126339825,34018,29.7931,120.6156,浙江省,绍兴市,2024-04-01T04:30:00.000Z,2024-04-01T08:51:00.000Z,262,24
2024-04-01T06:34:03Z,2024-03-31T22:34:03Z,18,1915.05,126341090,34018.5,29.7931,120.6156,浙江省,绍兴市,2024-04-01T04:30:00.000Z,2024-04-01T08:51:00.000Z,262,24
2024-04-01T06:34:34Z,2024-03-31T22:34:34Z,18.4,1915.05,126341090,34018.5,29.7163,120.6259,浙江省,绍兴市,2024-04-01T04:30:00.000Z,2024-04-01T08:51:00.000Z,262,24
2024-04-01T06:35:05Z,2024-03-31T22:35:05Z,18,1915.05,126342395,34018.5,29.7109,120.6286,浙江省,绍兴市,2024-04-01T04:30:00.000Z,2024-04-01T08:51:00.000Z,262,24
2024-04-01T06:35:36Z,2024-03-31T22:35:36Z,18,1915.05,126342395,34018.5,29.7052,120.6306,浙江省,绍兴市,2024-04-01T04:30:00.000Z,2024-04-01T08:51:00.000Z,262,24
2024-04-01T06:36:07Z,2024-03-31T22:36:07Z,18,1915.1,126343730,34019,29.6994,120.6306,浙江省,绍兴市,2024-04-01T04:30:00.000Z,2024-04-01T08:51:00.000Z,262,24
2024-04-01T06:36:38Z,2024-03-31T22:36:38Z,18,1915.1,126345075,34019,29.6934,120.6321,浙江省,绍兴市,2024-04-01T04:30:00.000Z,2024-04-01T08:51:00.000Z,262,24
2024-04-01T06:37:24Z,2024-03-31T22:37:24Z,18.4,1915.1,126345075,34019,29.6825,120.6344,浙江省,绍兴市,2024-04-01T04:30:00.000Z,2024-04-01T08:51:00.000Z,262,24
2024-04-01T06:38:10Z,2024-03-31T22:38:10Z,18.4,1915.1,126346355,34019.5,29.6768,120.6322,浙江省,绍兴市,2024-04-01T04:30:00.000Z,2024-04-01T08:51:00.000Z,262,24
2024-04-01T06:38:41Z,2024-03-31T22:38:41Z,18.4,1915.1,126346355,34019.5,29.6712,120.6309,浙江省,绍兴市,2024-04-01T04:30:00.000Z,2024-04-01T08:51:00.000Z,262,24
2024-04-01T06:39:12Z,2024-03-31T22:39:12Z,18,1915.15,126347655,34020,29.6657,120.6329,浙江省,绍兴市,2024-04-01T04:30:00.000Z,2024-04-01T08:51:00.000Z,262,24
2024-04-01T06:39:28Z,2024-03-31T22:39:28Z,18,1915.15,126347655,34020,29.6602,120.6357,浙江省,绍兴市,2024-04-01T04:30:00.000Z,2024-04-01T08:51:00.000Z,262,24
2024-04-01T06:40:14Z,2024-03-31T22:40:14Z,18.4,1915.15,126349005,34020,29.6584,120.637,浙江省,绍兴市,2024-04-01T04:30:00.000Z,2024-04-01T08:51:00.000Z,262,24
2024-04-01T06:40:45Z,2024-03-31T22:40:45Z,18.8,1915.15,126349005,34020,29.6584,120.637,浙江省,绍兴市,2024-04-01T04:30:00.000Z,2024-04-01T08:51:00.000Z,262,24
2024-04-01T06:41:16Z,2024-03-31T22:41:16Z,19.2,1915.15,126350355,34020,29.6584,120.637,浙江省,绍兴市,2024-04-01T04:30:00.000Z,2024-04-01T08:51:00.000Z,262,24
2024-04-01T06:41:47Z,2024-03-31T22:41:47Z,19.6,1915.15,126350355,34020,29.6584,120.637,浙江省,绍兴市,2024-04-01T04:30:00.000Z,2024-04-01T08:51:00.000Z,262,24
2024-04-01T06:42:18Z,2024-03-31T22:42:18Z,20,1915.2,126351795,34020.5,29.6584,120.637,浙江省,绍兴市,2024-04-01T04:30:00.000Z,2024-04-01T08:51:00.000Z,262,24
2024-04-01T06:42:49Z,2024-03-31T22:42:49Z,20.8,1915.2,126351795,34020.5,29.6584,120.637,浙江省,绍兴市,2024-04-01T04:30:00.000Z,2024-04-01T08:51:00.000Z,262,24
2024-04-01T06:43:20Z,2024-03-31T22:43:20Z,20.8,1915.2,126353240,34020.5,29.6298,120.672,浙江省,绍兴市,2024-04-01T04:30:00.000Z,2024-04-01T08:51:00.000Z,262,24
2024-04-01T06:43:51Z,2024-03-31T22:43:51Z,20.8,1915.2,126353240,34020.5,29.6238,120.6759,浙江省,绍兴市,2024-04-01T04:30:00.000Z,2024-04-01T08:51:00.000Z,262,24
2024-04-01T06:44:22Z,2024-03-31T22:44:22Z,20.8,1915.2,126354750,34020.5,29.6178,120.6793,浙江省,绍兴市,2024-04-01T04:30:00.000Z,2024-04-01T08:51:00.000Z,262,24
2024-04-01T06:44:53Z,2024-03-31T22:44:53Z,20.8,1915.2,126354750,34020.5,29.6122,120.6826,浙江省,绍兴市,2024-04-01T04:30:00.000Z,2024-04-01T08:51:00.000Z,262,24
2024-04-01T06:45:24Z,2024-03-31T22:45:24Z,20.8,1915.25,126356175,34020.5,29.6004,120.6888,浙江省,绍兴市,2024-04-01T04:30:00.000Z,2024-04-01T08:51:00.000Z,262,24
2024-04-01T06:45:55Z,2024-03-31T22:45:55Z,20.8,1915.25,126356175,34020.5,29.5944,120.6905,浙江省,绍兴市,2024-04-01T04:30:00.000Z,2024-04-01T08:51:00.000Z,262,24
2024-04-01T06:46:26Z,2024-03-31T22:46:26Z,20.8,1915.25,126357615,34021,29.5885,120.6915,浙江省,绍兴市,2024-04-01T04:30:00.000Z,2024-04-01T08:51:00.000Z,262,24
2024-04-01T06:46:57Z,2024-03-31T22:46:57Z,20,1915.25,126357615,34021,29.5824,120.6927,浙江省,绍兴市,2024-04-01T04:30:00.000Z,2024-04-01T08:51:00.000Z,262,24
2024-04-01T06:47:28Z,2024-03-31T22:47:28Z,20,1915.25,126358975,34021,29.5762,120.6938,浙江省,绍兴市,2024-04-01T04:30:00.000Z,2024-04-01T08:51:00.000Z,262,24
2024-04-01T06:47:59Z,2024-03-31T22:47:59Z,20,1915.3,126360420,34021.5,29.5697,120.6939,浙江省,绍兴市,2024-04-01T04:30:00.000Z,2024-04-01T08:51:00.000Z,262,24
2024-04-01T06:48:30Z,2024-03-31T22:48:30Z,20,1915.3,126360420,34021.5,29.5636,120.6923,浙江省,绍兴市,2024-04-01T04:30:00.000Z,2024-04-01T08:51:00.000Z,262,24
2024-04-01T06:49:01Z,2024-03-31T22:49:01Z,19.6,1915.3,126360420,34021.5,29.5572,120.6905,浙江省,绍兴市,2024-04-01T04:30:00.000Z,2024-04-01T08:51:00.000Z,262,24
2024-04-01T06:49:28Z,2024-03-31T22:49:28Z,20,1915.3,126361850,34021.5,29.5516,120.6906,浙江省,绍兴市,2024-04-01T04:30:00.000Z,2024-04-01T08:51:00.000Z,262,24
2024-04-01T06:50:02Z,2024-03-31T22:50:02Z,20,1915.3,126361850,34021.5,29.5459,120.693,浙江省,绍兴市,2024-04-01T04:30:00.000Z,2024-04-01T08:51:00.000Z,262,24
2024-04-01T06:50:33Z,2024-03-31T22:50:33Z,19.6,1915.3,126363185,34022,29.54,120.6955,浙江省,绍兴市,2024-04-01T04:30:00.000Z,2024-04-01T08:51:00.000Z,262,24
2024-04-01T06:51:04Z,2024-03-31T22:51:04Z,19.6,1915.3,126363185,34022,29.5341,120.6981,浙江省,绍兴市,2024-04-01T04:30:00.000Z,2024-04-01T08:51:00.000Z,262,24
2024-04-01T06:51:35Z,2024-03-31T22:51:35Z,19.6,1915.35,126364600,34022,29.5282,120.6997,浙江省,绍兴市,2024-04-01T04:30:00.000Z,2024-04-01T08:51:00.000Z,262,24
2024-04-01T06:52:06Z,2024-03-31T22:52:06Z,19.2,1915.35,126364600,34022,29.5225,120.7018,浙江省,绍兴市,2024-04-01T04:30:00.000Z,2024-04-01T08:51:00.000Z,262,24
2024-04-01T06:52:37Z,2024-03-31T22:52:37Z,18.8,1915.35,126365945,34022.5,29.5177,120.7053,浙江省,绍兴市,2024-04-01T04:30:00.000Z,2024-04-01T08:51:00.000Z,262,24
2024-04-01T06:53:08Z,2024-03-31T22:53:08Z,18.4,1915.35,126365945,34022.5,29.5129,120.7097,浙江省,绍兴市,2024-04-01T04:30:00.000Z,2024-04-01T08:51:00.000Z,262,24
2024-04-01T06:53:39Z,2024-03-31T22:53:39Z,18,1915.35,126367300,34023,29.508,120.7139,浙江省,绍兴市,2024-04-01T04:30:00.000Z,2024-04-01T08:51:00.000Z,262,24
2024-04-01T06:54:10Z,2024-03-31T22:54:10Z,18,1915.35,126367300,34023,29.5042,120.7186,浙江省,绍兴市,2024-04-01T04:30:00.000Z,2024-04-01T08:51:00.000Z,262,24
2024-04-01T06:54:41Z,2024-03-31T22:54:41Z,18,1915.4,126368570,34023,29.5016,120.724,浙江省,绍兴市,2024-04-01T04:30:00.000Z,2024-04-01T08:51:00.000Z,262,24
2024-04-01T06:55:12Z,2024-03-31T22:55:12Z,18,1915.4,126368570,34023,29.4991,120.7291,浙江省,绍兴市,2024-04-01T04:30:00.000Z,2024-04-01T08:51:00.000Z,262,24
2024-04-01T06:55:43Z,2024-03-31T22:55:43Z,18,1915.4,126369660,34023.5,29.4975,120.7316,浙江省,绍兴市,2024-04-01T04:30:00.000Z,2024-04-01T08:51:00.000Z,262,24
2024-04-01T06:56:14Z,2024-03-31T22:56:14Z,18,1915.4,126369660,34023.5,29.4975,120.7316,浙江省,绍兴市,2024-04-01T04:30:00.000Z,2024-04-01T08:51:00.000Z,262,24
2024-04-01T06:56:45Z,2024-03-31T22:56:45Z,18.4,1915.4,126370890,34023.5,29.4975,120.7316,浙江省,绍兴市,2024-04-01T04:30:00.000Z,2024-04-01T08:51:00.000Z,262,24
2024-04-01T06:57:16Z,2024-03-31T22:57:16Z,18.4,1915.45,126372265,34024,29.4832,120.7466,浙江省,绍兴市,2024-04-01T04:30:00.000Z,2024-04-01T08:51:00.000Z,262,24
2024-04-01T06:57:47Z,2024-03-31T22:57:47Z,18.8,1915.45,126372265,34024,29.4805,120.7526,浙江省,绍兴市,2024-04-01T04:30:00.000Z,2024-04-01T08:51:00.000Z,262,24
2024-04-01T06:58:18Z,2024-03-31T22:58:18Z,18.8,1915.45,126372265,34024,29.4792,120.7576,浙江省,绍兴市,2024-04-01T04:30:00.000Z,2024-04-01T08:51:00.000Z,262,24
2024-04-01T06:58:54Z,2024-03-31T22:58:54Z,18,1915.45,126373460,34024,29.4697,120.7641,浙江省,绍兴市,2024-04-01T04:30:00.000Z,2024-04-01T08:51:00.000Z,262,24
2024-04-01T06:59:28Z,2024-03-31T22:59:28Z,18,1915.45,126374765,34024.5,29.4638,120.7639,浙江省,绍兴市,2024-04-01T04:30:00.000Z,2024-04-01T08:51:00.000Z,262,24
2024-04-01T07:00:13Z,2024-03-31T23:00:13Z,18,1915.45,126374765,34024.5,29.458,120.764,浙江省,绍兴市,2024-04-01T04:30:00.000Z,2024-04-01T08:51:00.000Z,262,24
2024-04-01T07:00:52Z,2024-03-31T23:00:52Z,18,1915.5,126376090,34025,29.4521,120.7646,浙江省,绍兴市,2024-04-01T04:30:00.000Z,2024-04-01T08:51:00.000Z,262,24
2024-04-01T07:01:23Z,2024-03-31T23:01:23Z,18,1915.5,126376090,34025,29.4511,120.7648,浙江省,绍兴市,2024-04-01T04:30:00.000Z,2024-04-01T08:51:00.000Z,262,24
2024-04-01T07:01:54Z,2024-03-31T23:01:54Z,18,1915.5,126377465,34025.5,29.4511,120.7648,浙江省,绍兴市,2024-04-01T04:30:00.000Z,2024-04-01T08:51:00.000Z,262,24
2024-04-01T07:02:25Z,2024-03-31T23:02:25Z,18,1915.55,126378875,34025.5,29.4511,120.7648,浙江省,绍兴市,2024-04-01T04:30:00.000Z,2024-04-01T08:51:00.000Z,262,24
2024-04-01T07:02:56Z,2024-03-31T23:02:56Z,18,1915.55,126378875,34025.5,29.4511,120.7648,浙江省,绍兴市,2024-04-01T04:30:00.000Z,2024-04-01T08:51:00.000Z,262,24
2024-04-01T07:03:27Z,2024-03-31T23:03:27Z,18,1915.55,126378875,34025.5,29.4511,120.7648,浙江省,绍兴市,2024-04-01T04:30:00.000Z,2024-04-01T08:51:00.000Z,262,24
2024-04-01T07:03:58Z,2024-03-31T23:03:58Z,18,1915.55,126380280,34026,29.4511,120.7648,浙江省,绍兴市,2024-04-01T04:30:00.000Z,2024-04-01T08:51:00.000Z,262,24
2024-04-01T07:04:29Z,2024-03-31T23:04:29Z,18,1915.55,126380280,34026,29.4511,120.7648,浙江省,绍兴市,2024-04-01T04:30:00.000Z,2024-04-01T08:51:00.000Z,262,24
2024-04-01T07:05:00Z,2024-03-31T23:05:00Z,18,1915.55,126381685,34026,29.4511,120.7648,浙江省,绍兴市,2024-04-01T04:30:00.000Z,2024-04-01T08:51:00.000Z,262,24
2024-04-01T07:05:31Z,2024-03-31T23:05:31Z,18,1915.55,126381685,34026,29.3941,120.7864,浙江省,绍兴市,2024-04-01T04:30:00.000Z,2024-04-01T08:51:00.000Z,262,24
2024-04-01T07:06:02Z,2024-03-31T23:06:02Z,18,1915.6,126383105,34026,29.3881,120.7855,浙江省,绍兴市,2024-04-01T04:30:00.000Z,2024-04-01T08:51:00.000Z,262,24
2024-04-01T07:06:33Z,2024-03-31T23:06:33Z,18,1915.6,126383105,34026,29.3824,120.7869,浙江省,绍兴市,2024-04-01T04:30:00.000Z,2024-04-01T08:51:00.000Z,262,24
2024-04-01T07:07:04Z,2024-03-31T23:07:04Z,18,1915.6,126384465,34026.5,29.3773,120.7902,浙江省,绍兴市,2024-04-01T04:30:00.000Z,2024-04-01T08:51:00.000Z,262,24
2024-04-01T07:07:35Z,2024-03-31T23:07:35Z,18,1915.6,126384465,34026.5,29.3743,120.7922,浙江省,绍兴市,2024-04-01T04:30:00.000Z,2024-04-01T08:51:00.000Z,262,24
2024-04-01T07:08:24Z,2024-03-31T23:08:24Z,18,1915.6,126385755,34027,29.3743,120.7922,浙江省,绍兴市,2024-04-01T04:30:00.000Z,2024-04-01T08:51:00.000Z,262,24
2024-04-01T07:09:05Z,2024-03-31T23:09:05Z,18,1915.65,126387090,34027.5,29.3743,120.7922,浙江省,绍兴市,2024-04-01T04:30:00.000Z,2024-04-01T08:51:00.000Z,262,24
2024-04-01T07:09:28Z,2024-03-31T23:09:28Z,18,1915.65,126387090,34027.5,29.3743,120.7922,浙江省,绍兴市,2024-04-01T04:30:00.000Z,2024-04-01T08:51:00.000Z,262,24
2024-04-01T07:10:07Z,2024-03-31T23:10:07Z,18,1915.65,126388450,34027.5,29.3743,120.7922,浙江省,绍兴市,2024-04-01T04:30:00.000Z,2024-04-01T08:51:00.000Z,262,24
2024-04-01T07:10:40Z,2024-03-31T23:10:40Z,18,1915.65,126388450,34027.5,29.3743,120.7922,浙江省,绍兴市,2024-04-01T04:30:00.000Z,2024-04-01T08:51:00.000Z,262,24
2024-04-01T07:11:11Z,2024-03-31T23:11:11Z,18,1915.65,126389795,34028,29.3743,120.7922,浙江省,绍兴市,2024-04-01T04:30:00.000Z,2024-04-01T08:51:00.000Z,262,24
2024-04-01T07:11:42Z,2024-03-31T23:11:42Z,18,1915.65,126389795,34028,29.3743,120.7922,浙江省,绍兴市,2024-04-01T04:30:00.000Z,2024-04-01T08:51:00.000Z,262,24
2024-04-01T07:12:13Z,2024-03-31T23:12:13Z,18,1915.7,126391170,34028.5,29.3183,120.7911,浙江省,绍兴市,2024-04-01T04:30:00.000Z,2024-04-01T08:51:00.000Z,262,24
2024-04-01T07:12:44Z,2024-03-31T23:12:44Z,18,1915.7,126391170,34028.5,29.3126,120.7882,浙江省,绍兴市,2024-04-01T04:30:00.000Z,2024-04-01T08:51:00.000Z,262,24
2024-04-01T07:13:15Z,2024-03-31T23:13:15Z,18,1915.7,126392575,34028.5,29.307,120.7848,浙江省,绍兴市,2024-04-01T04:30:00.000Z,2024-04-01T08:51:00.000Z,262,24
2024-04-01T07:13:46Z,2024-03-31T23:13:46Z,18,1915.7,126392575,34028.5,29.3006,120.7828,浙江省,绍兴市,2024-04-01T04:30:00.000Z,2024-04-01T08:51:00.000Z,262,24
2024-04-01T07:14:17Z,2024-03-31T23:14:17Z,18,1915.7,126394020,34029,29.2949,120.7805,浙江省,绍兴市,2024-04-01T04:30:00.000Z,2024-04-01T08:51:00.000Z,262,24
2024-04-01T07:14:48Z,2024-03-31T23:14:48Z,18,1915.7,126394020,34029,29.2894,120.778,浙江省,绍兴市,2024-04-01T04:30:00.000Z,2024-04-01T08:51:00.000Z,262,24
2024-04-01T07:15:19Z,2024-03-31T23:15:19Z,18,1915.75,126395340,34029.5,29.2841,120.7752,浙江省,绍兴市,2024-04-01T04:30:00.000Z,2024-04-01T08:51:00.000Z,262,24
2024-04-01T07:15:50Z,2024-03-31T23:15:50Z,18,1915.75,126396660,34030,29.2802,120.7729,浙江省,绍兴市,2024-04-01T04:30:00.000Z,2024-04-01T08:51:00.000Z,262,24
2024-04-01T07:16:21Z,2024-03-31T23:16:21Z,18,1915.75,126396660,34030,29.2802,120.7729,浙江省,绍兴市,2024-04-01T04:30:00.000Z,2024-04-01T08:51:00.000Z,262,24
2024-04-01T07:16:52Z,2024-03-31T23:16:52Z,18,1915.75,126396660,34030,29.2672,120.7697,浙江省,金华市,2024-04-01T04:30:00.000Z,2024-04-01T08:51:00.000Z,262,24
2024-04-01T07:17:23Z,2024-03-31T23:17:23Z,18,1915.75,126397975,34030.5,29.2617,120.7689,浙江省,金华市,2024-04-01T04:30:00.000Z,2024-04-01T08:51:00.000Z,262,24
2024-04-01T07:17:54Z,2024-03-31T23:17:54Z,18,1915.75,126397975,34030.5,29.2506,120.7736,浙江省,金华市,2024-04-01T04:30:00.000Z,2024-04-01T08:51:00.000Z,262,24
2024-04-01T07:18:25Z,2024-03-31T23:18:25Z,18,1915.8,126399310,34030.5,29.2488,120.774,浙江省,金华市,2024-04-01T04:30:00.000Z,2024-04-01T08:51:00.000Z,262,24
2024-04-01T07:18:56Z,2024-03-31T23:18:56Z,18,1915.8,126399310,34030.5,29.2488,120.774,浙江省,金华市,2024-04-01T04:30:00.000Z,2024-04-01T08:51:00.000Z,262,24
2024-04-01T07:19:27Z,2024-03-31T23:19:27Z,18,1915.8,126400625,34031,29.2488,120.774,浙江省,金华市,2024-04-01T04:30:00.000Z,2024-04-01T08:51:00.000Z,262,24
2024-04-01T07:19:28Z,2024-03-31T23:19:28Z,18,1915.8,126400625,34031,29.2488,120.774,浙江省,金华市,2024-04-01T04:30:00.000Z,2024-04-01T08:51:00.000Z,262,24
2024-04-01T07:20:24Z,2024-03-31T23:20:24Z,18,1915.8,126401960,34031,29.2488,120.774,浙江省,金华市,2024-04-01T04:30:00.000Z,2024-04-01T08:51:00.000Z,262,24
2024-04-01T07:21:00Z,2024-03-31T23:21:00Z,18,1915.8,126401960,34031,29.2488,120.774,浙江省,金华市,2024-04-01T04:30:00.000Z,2024-04-01T08:51:00.000Z,262,24
2024-04-01T07:21:31Z,2024-03-31T23:21:31Z,18,1915.85,126403310,34031,29.2488,120.774,浙江省,金华市,2024-04-01T04:30:00.000Z,2024-04-01T08:51:00.000Z,262,24
2024-04-01T07:22:02Z,2024-03-31T23:22:02Z,18,1915.85,126403310,34031,29.2488,120.774,浙江省,金华市,2024-04-01T04:30:00.000Z,2024-04-01T08:51:00.000Z,262,24
2024-04-01T07:22:33Z,2024-03-31T23:22:33Z,18,1915.85,126404645,34031.5,29.2488,120.774,浙江省,金华市,2024-04-01T04:30:00.000Z,2024-04-01T08:51:00.000Z,262,24
2024-04-01T07:23:04Z,2024-03-31T23:23:04Z,18,1915.85,126405890,34031.5,29.2488,120.774,浙江省,金华市,2024-04-01T04:30:00.000Z,2024-04-01T08:51:00.000Z,262,24
2024-04-01T07:23:35Z,2024-03-31T23:23:35Z,18,1915.85,126405890,34031.5,29.2488,120.774,浙江省,金华市,2024-04-01T04:30:00.000Z,2024-04-01T08:51:00.000Z,262,24
2024-04-01T07:24:06Z,2024-03-31T23:24:06Z,18,1915.85,126405890,34031.5,29.2488,120.774,浙江省,金华市,2024-04-01T04:30:00.000Z,2024-04-01T08:51:00.000Z,262,24
2024-04-01T07:24:37Z,2024-03-31T23:24:37Z,18,1915.9,126407195,34031.5,29.2488,120.774,浙江省,金华市,2024-04-01T04:30:00.000Z,2024-04-01T08:51:00.000Z,262,24
2024-04-01T07:25:08Z,2024-03-31T23:25:08Z,18,1915.9,126408515,34032,29.2488,120.774,浙江省,金华市,2024-04-01T04:30:00.000Z,2024-04-01T08:51:00.000Z,262,24
2024-04-01T07:25:39Z,2024-03-31T23:25:39Z,18,1915.9,126408515,34032,29.2488,120.774,浙江省,金华市,2024-04-01T04:30:00.000Z,2024-04-01T08:51:00.000Z,262,24
2024-04-01T07:26:10Z,2024-03-31T23:26:10Z,18,1915.9,126408515,34032,29.2488,120.774,浙江省,金华市,2024-04-01T04:30:00.000Z,2024-04-01T08:51:00.000Z,262,24
2024-04-01T07:26:41Z,2024-03-31T23:26:41Z,18,1915.9,126409890,34032,29.156,120.8083,浙江省,台州市,2024-04-01T04:30:00.000Z,2024-04-01T08:51:00.000Z,262,24
2024-04-01T07:27:12Z,2024-03-31T23:27:12Z,18,1915.9,126409890,34032,29.15,120.809,浙江省,台州市,2024-04-01T04:30:00.000Z,2024-04-01T08:51:00.000Z,262,24
2024-04-01T07:27:43Z,2024-03-31T23:27:43Z,18,1915.95,126411280,34032,29.1438,120.8096,浙江省,台州市,2024-04-01T04:30:00.000Z,2024-04-01T08:51:00.000Z,262,24
2024-04-01T07:28:14Z,2024-03-31T23:28:14Z,18,1915.95,126411280,34032,29.1375,120.8114,浙江省,台州市,2024-04-01T04:30:00.000Z,2024-04-01T08:51:00.000Z,262,24
2024-04-01T07:28:45Z,2024-03-31T23:28:45Z,18,1915.95,126412740,34032.5,29.1321,120.8156,浙江省,台州市,2024-04-01T04:30:00.000Z,2024-04-01T08:51:00.000Z,262,24
2024-04-01T07:29:24Z,2024-03-31T23:29:24Z,18,1915.95,126414100,34032.5,29.1216,120.822,浙江省,台州市,2024-04-01T04:30:00.000Z,2024-04-01T08:51:00.000Z,262,24
2024-04-01T07:29:28Z,2024-03-31T23:29:28Z,18,1915.95,126414100,34032.5,29.1216,120.822,浙江省,台州市,2024-04-01T04:30:00.000Z,2024-04-01T08:51:00.000Z,262,24
2024-04-01T07:30:17Z,2024-03-31T23:30:17Z,18,1915.95,126414100,34032.5,29.1156,120.823,浙江省,台州市,2024-04-01T04:30:00.000Z,2024-04-01T08:51:00.000Z,262,24
2024-04-01T07:30:48Z,2024-03-31T23:30:48Z,18,1916,126415445,34033,29.1102,120.8253,浙江省,台州市,2024-04-01T04:30:00.000Z,2024-04-01T08:51:00.000Z,262,24
2024-04-01T07:31:19Z,2024-03-31T23:31:19Z,18,1916,126416785,34033,29.1054,120.8299,浙江省,台州市,2024-04-01T04:30:00.000Z,2024-04-01T08:51:00.000Z,262,24
2024-04-01T07:31:50Z,2024-03-31T23:31:50Z,18,1916,126416785,34033,29.1037,120.8309,浙江省,台州市,2024-04-01T04:30:00.000Z,2024-04-01T08:51:00.000Z,262,24
2024-04-01T07:32:21Z,2024-03-31T23:32:21Z,18,1916,126416785,34033,29.1037,120.8309,浙江省,台州市,2024-04-01T04:30:00.000Z,2024-04-01T08:51:00.000Z,262,24
2024-04-01T07:32:52Z,2024-03-31T23:32:52Z,18,1916,126418005,34033.5,29.1037,120.8309,浙江省,台州市,2024-04-01T04:30:00.000Z,2024-04-01T08:51:00.000Z,262,24
2024-04-01T07:33:23Z,2024-03-31T23:33:23Z,18,1916,126418005,34033.5,29.0857,120.8352,浙江省,台州市,2024-04-01T04:30:00.000Z,2024-04-01T08:51:00.000Z,262,24
2024-04-01T07:33:54Z,2024-03-31T23:33:54Z,18,1916.05,126419200,34034,29.079,120.8428,浙江省,台州市,2024-04-01T04:30:00.000Z,2024-04-01T08:51:00.000Z,262,24
2024-04-01T07:34:25Z,2024-03-31T23:34:25Z,18,1916.05,126419200,34034,29.079,120.8428,浙江省,台州市,2024-04-01T04:30:00.000Z,2024-04-01T08:51:00.000Z,262,24
2024-04-01T07:34:56Z,2024-03-31T23:34:56Z,18,1916.05,126420420,34034,29.079,120.8428,浙江省,台州市,2024-04-01T04:30:00.000Z,2024-04-01T08:51:00.000Z,262,24
2024-04-01T07:35:54Z,2024-03-31T23:35:54Z,18,1916.1,126421730,34034.5,29.0559,120.8552,浙江省,台州市,2024-04-01T04:30:00.000Z,2024-04-01T08:51:00.000Z,262,24
2024-04-01T07:36:28Z,2024-03-31T23:36:28Z,17.6,1916.1,126421730,34034.5,29.0497,120.8553,浙江省,台州市,2024-04-01T04:30:00.000Z,2024-04-01T08:51:00.000Z,262,24
2024-04-01T07:36:59Z,2024-03-31T23:36:59Z,17.6,1916.1,126423130,34035,29.0436,120.8557,浙江省,台州市,2024-04-01T04:30:00.000Z,2024-04-01T08:51:00.000Z,262,24
2024-04-01T07:37:30Z,2024-03-31T23:37:30Z,17.6,1916.1,126423130,34035,29.0378,120.8591,浙江省,台州市,2024-04-01T04:30:00.000Z,2024-04-01T08:51:00.000Z,262,24
2024-04-01T07:38:01Z,2024-03-31T23:38:01Z,17.6,1916.1,126424550,34035.5,29.0378,120.8591,浙江省,台州市,2024-04-01T04:30:00.000Z,2024-04-01T08:51:00.000Z,262,24
2024-04-01T07:38:32Z,2024-03-31T23:38:32Z,17.6,1916.1,126424550,34035.5,29.0378,120.8591,浙江省,台州市,2024-04-01T04:30:00.000Z,2024-04-01T08:51:00.000Z,262,24
2024-04-01T07:39:03Z,2024-03-31T23:39:03Z,17.6,1916.15,126425825,34036,29.0281,120.8749,浙江省,台州市,2024-04-01T04:30:00.000Z,2024-04-01T08:51:00.000Z,262,24
2024-04-01T07:39:28Z,2024-03-31T23:39:28Z,17.6,1916.15,126425825,34036,29.024,120.8794,浙江省,台州市,2024-04-01T04:30:00.000Z,2024-04-01T08:51:00.000Z,262,24
2024-04-01T07:39:59Z,2024-03-31T23:39:59Z,17.6,1916.15,126427125,34036.5,29.0185,120.8829,浙江省,台州市,2024-04-01T04:30:00.000Z,2024-04-01T08:51:00.000Z,262,24
2024-04-01T07:40:36Z,2024-03-31T23:40:36Z,18,1916.15,126428500,34036.5,29.0164,120.8838,浙江省,台州市,2024-04-01T04:30:00.000Z,2024-04-01T08:51:00.000Z,262,24
2024-04-01T07:41:07Z,2024-03-31T23:41:07Z,18,1916.15,126428500,34036.5,29.0164,120.8838,浙江省,台州市,2024-04-01T04:30:00.000Z,2024-04-01T08:51:00.000Z,262,24
2024-04-01T07:41:38Z,2024-03-31T23:41:38Z,18,1916.2,126429835,34036.5,29.0164,120.8838,浙江省,台州市,2024-04-01T04:30:00.000Z,2024-04-01T08:51:00.000Z,262,24
2024-04-01T07:42:09Z,2024-03-31T23:42:09Z,18,1916.2,126429835,34036.5,29.0164,120.8838,浙江省,台州市,2024-04-01T04:30:00.000Z,2024-04-01T08:51:00.000Z,262,24
2024-04-01T07:42:40Z,2024-03-31T23:42:40Z,18,1916.2,126431175,34036.5,29.0164,120.8838,浙江省,台州市,2024-04-01T04:30:00.000Z,2024-04-01T08:51:00.000Z,262,24
2024-04-01T07:43:11Z,2024-03-31T23:43:11Z,18,1916.2,126431175,34036.5,29.0164,120.8838,浙江省,台州市,2024-04-01T04:30:00.000Z,2024-04-01T08:51:00.000Z,262,24
2024-04-01T07:43:42Z,2024-03-31T23:43:42Z,18,1916.2,126432535,34036.5,29.0164,120.8838,浙江省,台州市,2024-04-01T04:30:00.000Z,2024-04-01T08:51:00.000Z,262,24
2024-04-01T07:44:13Z,2024-03-31T23:44:13Z,18,1916.2,126432535,34036.5,28.9795,120.9099,浙江省,台州市,2024-04-01T04:30:00.000Z,2024-04-01T08:51:00.000Z,262,24
2024-04-01T07:44:44Z,2024-03-31T23:44:44Z,18,1916.2,126432535,34036.5,28.9779,120.9176,浙江省,台州市,2024-04-01T04:30:00.000Z,2024-04-01T08:51:00.000Z,262,24
2024-04-01T07:45:15Z,2024-03-31T23:45:15Z,18,1916.25,126434085,34036.5,28.9731,120.9234,浙江省,台州市,2024-04-01T04:30:00.000Z,2024-04-01T08:51:00.000Z,262,24
2024-04-01T07:45:46Z,2024-03-31T23:45:46Z,18,1916.25,126434085,34036.5,28.9673,120.9276,浙江省,台州市,2024-04-01T04:30:00.000Z,2024-04-01T08:51:00.000Z,262,24
2024-04-01T07:46:17Z,2024-03-31T23:46:17Z,18,1916.25,126435640,34036.5,28.9613,120.9309,浙江省,台州市,2024-04-01T04:30:00.000Z,2024-04-01T08:51:00.000Z,262,24
2024-04-01T07:46:48Z,2024-03-31T23:46:48Z,18,1916.25,126435640,34036.5,28.9545,120.9317,浙江省,台州市,2024-04-01T04:30:00.000Z,2024-04-01T08:51:00.000Z,262,24
2024-04-01T07:47:19Z,2024-03-31T23:47:19Z,18,1916.25,126437140,34036.5,28.9481,120.9326,浙江省,台州市,2024-04-01T04:30:00.000Z,2024-04-01T08:51:00.000Z,262,24
2024-04-01T07:47:50Z,2024-03-31T23:47:50Z,18,1916.25,126437140,34036.5,28.9424,120.9343,浙江省,台州市,2024-04-01T04:30:00.000Z,2024-04-01T08:51:00.000Z,262,24
2024-04-01T07:48:21Z,2024-03-31T23:48:21Z,17.6,1916.3,126438475,34037,28.9384,120.9375,浙江省,台州市,2024-04-01T04:30:00.000Z,2024-04-01T08:51:00.000Z,262,24
2024-04-01T07:48:52Z,2024-03-31T23:48:52Z,17.6,1916.3,126438475,34037,28.9337,120.9435,浙江省,台州市,2024-04-01T04:30:00.000Z,2024-04-01T08:51:00.000Z,262,24
2024-04-01T07:49:23Z,2024-03-31T23:49:23Z,18,1916.3,126439905,34037.5,28.9281,120.9474,浙江省,台州市,2024-04-01T04:30:00.000Z,2024-04-01T08:51:00.000Z,262,24
2024-04-01T07:49:28Z,2024-03-31T23:49:28Z,18,1916.3,126439905,34037.5,28.9218,120.9484,浙江省,台州市,2024-04-01T04:30:00.000Z,2024-04-01T08:51:00.000Z,262,24
2024-04-01T07:50:20Z,2024-03-31T23:50:20Z,18,1916.3,126441340,34037.5,28.9155,120.949,浙江省,台州市,2024-04-01T04:30:00.000Z,2024-04-01T08:51:00.000Z,262,24
2024-04-01T07:50:54Z,2024-03-31T23:50:54Z,18,1916.3,126441340,34037.5,28.9035,120.9511,浙江省,台州市,2024-04-01T04:30:00.000Z,2024-04-01T08:51:00.000Z,262,24
2024-04-01T07:51:26Z,2024-03-31T23:51:26Z,18,1916.35,126442700,34038,28.8978,120.9531,浙江省,台州市,2024-04-01T04:30:00.000Z,2024-04-01T08:51:00.000Z,262,24
2024-04-01T07:51:57Z,2024-03-31T23:51:57Z,18,1916.35,126442700,34038,28.8922,120.956,浙江省,台州市,2024-04-01T04:30:00.000Z,2024-04-01T08:51:00.000Z,262,24
2024-04-01T07:52:28Z,2024-03-31T23:52:28Z,18,1916.35,126444060,34038,28.8887,120.9575,浙江省,台州市,2024-04-01T04:30:00.000Z,2024-04-01T08:51:00.000Z,262,24
2024-04-01T07:52:59Z,2024-03-31T23:52:59Z,18,1916.35,126444060,34038,28.8887,120.9575,浙江省,台州市,2024-04-01T04:30:00.000Z,2024-04-01T08:51:00.000Z,262,24
2024-04-01T07:53:30Z,2024-03-31T23:53:30Z,18,1916.35,126445285,34038.5,28.8772,120.9599,浙江省,台州市,2024-04-01T04:30:00.000Z,2024-04-01T08:51:00.000Z,262,24
2024-04-01T07:54:01Z,2024-03-31T23:54:01Z,18,1916.4,126446145,34038.5,28.8736,120.96,浙江省,台州市,2024-04-01T04:30:00.000Z,2024-04-01T08:51:00.000Z,262,24
2024-04-01T07:54:32Z,2024-03-31T23:54:32Z,18,1916.4,126446145,34038.5,28.8707,120.9615,浙江省,台州市,2024-04-01T04:30:00.000Z,2024-04-01T08:51:00.000Z,262,24
2024-04-01T07:55:03Z,2024-03-31T23:55:03Z,18,1916.4,126446145,34038.5,28.8716,120.9665,浙江省,台州市,2024-04-01T04:30:00.000Z,2024-04-01T08:51:00.000Z,262,24
2024-04-01T07:55:34Z,2024-03-31T23:55:34Z,17.6,1916.4,126447130,34038.5,28.8726,120.9732,浙江省,台州市,2024-04-01T04:30:00.000Z,2024-04-01T08:51:00.000Z,262,24
2024-04-01T07:56:05Z,2024-03-31T23:56:05Z,18,1916.4,126447130,34038.5,28.8732,120.9804,浙江省,台州市,2024-04-01T04:30:00.000Z,2024-04-01T08:51:00.000Z,262,24
2024-04-01T07:56:36Z,2024-03-31T23:56:36Z,18,1916.4,126448545,34039,28.8735,120.9877,浙江省,台州市,2024-04-01T04:30:00.000Z,2024-04-01T08:51:00.000Z,262,24
2024-04-01T07:57:07Z,2024-03-31T23:57:07Z,18,1916.4,126448545,34039,28.8734,120.995,浙江省,台州市,2024-04-01T04:30:00.000Z,2024-04-01T08:51:00.000Z,262,24
2024-04-01T07:57:38Z,2024-03-31T23:57:38Z,18,1916.45,126449980,34039,28.8717,121.002,浙江省,台州市,2024-04-01T04:30:00.000Z,2024-04-01T08:51:00.000Z,262,24
2024-04-01T07:58:09Z,2024-03-31T23:58:09Z,18,1916.45,126449980,34039,28.8694,121.0087,浙江省,台州市,2024-04-01T04:30:00.000Z,2024-04-01T08:51:00.000Z,262,24
2024-04-01T07:58:40Z,2024-03-31T23:58:40Z,18,1916.45,126451425,34039.5,28.8679,121.0155,浙江省,台州市,2024-04-01T04:30:00.000Z,2024-04-01T08:51:00.000Z,262,24
2024-04-01T07:59:11Z,2024-03-31T23:59:11Z,18,1916.45,126451425,34039.5,28.8688,121.022,浙江省,台州市,2024-04-01T04:30:00.000Z,2024-04-01T08:51:00.000Z,262,24
2024-04-01T07:59:28Z,2024-03-31T23:59:28Z,18,1916.45,126452740,34039.5,28.8699,121.0285,浙江省,台州市,2024-04-01T04:30:00.000Z,2024-04-01T08:51:00.000Z,262,24
2024-04-01T07:59:59Z,2024-03-31T23:59:59Z,18,1916.45,126452740,34039.5,28.8713,121.0351,浙江省,台州市,2024-04-01T04:30:00.000Z,2024-04-01T08:51:00.000Z,262,24
2024-04-01T08:00:44Z,2024-04-01T00:00:44Z,18,1916.5,126454105,34040,28.8722,121.042,浙江省,台州市,2024-04-01T04:30:00.000Z,2024-04-01T08:51:00.000Z,262,24
2024-04-01T08:01:15Z,2024-04-01T00:01:15Z,18,1916.5,126454105,34040,28.8725,121.049,浙江省,台州市,2024-04-01T04:30:00.000Z,2024-04-01T08:51:00.000Z,262,24
2024-04-01T08:01:46Z,2024-04-01T00:01:46Z,18,1916.5,126455490,34040.5,28.8724,121.0558,浙江省,台州市,2024-04-01T04:30:00.000Z,2024-04-01T08:51:00.000Z,262,24
2024-04-01T08:02:17Z,2024-04-01T00:02:17Z,18,1916.5,126455490,34040.5,28.8718,121.0608,浙江省,台州市,2024-04-01T04:30:00.000Z,2024-04-01T08:51:00.000Z,262,24
2024-04-01T08:02:48Z,2024-04-01T00:02:48Z,18,1916.5,126456785,34040.5,28.8687,121.0682,浙江省,台州市,2024-04-01T04:30:00.000Z,2024-04-01T08:51:00.000Z,262,24
2024-04-01T08:03:19Z,2024-04-01T00:03:19Z,18,1916.5,126456785,34040.5,28.867,121.0704,浙江省,台州市,2024-04-01T04:30:00.000Z,2024-04-01T08:51:00.000Z,262,24
2024-04-01T08:03:50Z,2024-04-01T00:03:50Z,18,1916.55,126458005,34041,28.867,121.0704,浙江省,台州市,2024-04-01T04:30:00.000Z,2024-04-01T08:51:00.000Z,262,24
2024-04-01T08:04:21Z,2024-04-01T00:04:21Z,18,1916.55,126458005,34041,28.8575,121.0819,浙江省,台州市,2024-04-01T04:30:00.000Z,2024-04-01T08:51:00.000Z,262,24
2024-04-01T08:04:52Z,2024-04-01T00:04:52Z,18,1916.55,126459255,34041,28.8561,121.0834,浙江省,台州市,2024-04-01T04:30:00.000Z,2024-04-01T08:51:00.000Z,262,24
2024-04-01T08:05:23Z,2024-04-01T00:05:23Z,18,1916.55,126459255,34041,28.8561,121.0834,浙江省,台州市,2024-04-01T04:30:00.000Z,2024-04-01T08:51:00.000Z,262,24
2024-04-01T08:05:54Z,2024-04-01T00:05:54Z,18,1916.6,126460535,34041.5,28.841,121.1001,浙江省,台州市,2024-04-01T04:30:00.000Z,2024-04-01T08:51:00.000Z,262,24
2024-04-01T08:06:25Z,2024-04-01T00:06:25Z,18,1916.6,126460535,34041.5,28.8352,121.1024,浙江省,台州市,2024-04-01T04:30:00.000Z,2024-04-01T08:51:00.000Z,262,24
2024-04-01T08:06:56Z,2024-04-01T00:06:56Z,18,1916.6,126461935,34041.5,28.8295,121.1049,浙江省,台州市,2024-04-01T04:30:00.000Z,2024-04-01T08:51:00.000Z,262,24
2024-04-01T08:07:27Z,2024-04-01T00:07:27Z,18,1916.6,126463295,34042,28.825,121.1092,浙江省,台州市,2024-04-01T04:30:00.000Z,2024-04-01T08:51:00.000Z,262,24
2024-04-01T08:07:58Z,2024-04-01T00:07:58Z,17.6,1916.6,126463295,34042,28.82,121.1143,浙江省,台州市,2024-04-01T04:30:00.000Z,2024-04-01T08:51:00.000Z,262,24
2024-04-01T08:08:29Z,2024-04-01T00:08:29Z,17.6,1916.6,126463295,34042,28.8157,121.1195,浙江省,台州市,2024-04-01T04:30:00.000Z,2024-04-01T08:51:00.000Z,262,24
2024-04-01T08:09:00Z,2024-04-01T00:09:00Z,18,1916.65,126464740,34042,28.8123,121.1244,浙江省,台州市,2024-04-01T04:30:00.000Z,2024-04-01T08:51:00.000Z,262,24
2024-04-01T08:09:28Z,2024-04-01T00:09:28Z,18,1916.65,126464740,34042,28.8087,121.1298,浙江省,台州市,2024-04-01T04:30:00.000Z,2024-04-01T08:51:00.000Z,262,24
2024-04-01T08:10:02Z,2024-04-01T00:10:02Z,17.6,1916.65,126466045,34042.5,28.8047,121.135,浙江省,台州市,2024-04-01T04:30:00.000Z,2024-04-01T08:51:00.000Z,262,24
2024-04-01T08:10:33Z,2024-04-01T00:10:33Z,17.6,1916.65,126466045,34042.5,28.8004,121.1397,浙江省,台州市,2024-04-01T04:30:00.000Z,2024-04-01T08:51:00.000Z,262,24
2024-04-01T08:11:04Z,2024-04-01T00:11:04Z,17.6,1916.65,126467390,34042.5,28.7964,121.1443,浙江省,台州市,2024-04-01T04:30:00.000Z,2024-04-01T08:51:00.000Z,262,24
2024-04-01T08:11:35Z,2024-04-01T00:11:35Z,18,1916.65,126467390,34042.5,28.7957,121.1453,浙江省,台州市,2024-04-01T04:30:00.000Z,2024-04-01T08:51:00.000Z,262,24
2024-04-01T08:12:06Z,2024-04-01T00:12:06Z,18,1916.7,126468630,34043,28.7957,121.1453,浙江省,台州市,2024-04-01T04:30:00.000Z,2024-04-01T08:51:00.000Z,262,24
2024-04-01T08:12:37Z,2024-04-01T00:12:37Z,17.6,1916.7,126468630,34043,28.7957,121.1453,浙江省,台州市,2024-04-01T04:30:00.000Z,2024-04-01T08:51:00.000Z,262,24
2024-04-01T08:13:08Z,2024-04-01T00:13:08Z,17.6,1916.7,126469950,34043.5,28.7832,121.1657,浙江省,台州市,2024-04-01T04:30:00.000Z,2024-04-01T08:51:00.000Z,262,24
2024-04-01T08:13:39Z,2024-04-01T00:13:39Z,17.6,1916.7,126469950,34043.5,28.778,121.1697,浙江省,台州市,2024-04-01T04:30:00.000Z,2024-04-01T08:51:00.000Z,262,24
2024-04-01T08:14:10Z,2024-04-01T00:14:10Z,17.6,1916.7,126471355,34043.5,28.773,121.1739,浙江省,台州市,2024-04-01T04:30:00.000Z,2024-04-01T08:51:00.000Z,262,24
2024-04-01T08:14:41Z,2024-04-01T00:14:41Z,17.6,1916.7,126471355,34043.5,28.7693,121.1793,浙江省,台州市,2024-04-01T04:30:00.000Z,2024-04-01T08:51:00.000Z,262,24
2024-04-01T08:15:12Z,2024-04-01T00:15:12Z,17.2,1916.75,126472725,34044,28.766,121.1847,浙江省,台州市,2024-04-01T04:30:00.000Z,2024-04-01T08:51:00.000Z,262,24
2024-04-01T08:15:43Z,2024-04-01T00:15:43Z,16.8,1916.75,126472725,34044,28.7646,121.1867,浙江省,台州市,2024-04-01T04:30:00.000Z,2024-04-01T08:51:00.000Z,262,24
2024-04-01T08:16:14Z,2024-04-01T00:16:14Z,16.4,1916.75,126473960,34044,28.7646,121.1867,浙江省,台州市,2024-04-01T04:30:00.000Z,2024-04-01T08:51:00.000Z,262,24
2024-04-01T08:16:45Z,2024-04-01T00:16:45Z,15.6,1916.75,126475195,34044.5,28.7646,121.1867,浙江省,台州市,2024-04-01T04:30:00.000Z,2024-04-01T08:51:00.000Z,262,24
2024-04-01T08:17:24Z,2024-04-01T00:17:24Z,16,1916.75,126475195,34044.5,28.7646,121.1867,浙江省,台州市,2024-04-01T04:30:00.000Z,2024-04-01T08:51:00.000Z,262,24
2024-04-01T08:17:57Z,2024-04-01T00:17:57Z,16.4,1916.8,126476490,34044.5,28.7646,121.1867,浙江省,台州市,2024-04-01T04:30:00.000Z,2024-04-01T08:51:00.000Z,262,24
2024-04-01T08:18:40Z,2024-04-01T00:18:40Z,16.8,1916.8,126476490,34044.5,28.7405,121.2181,浙江省,台州市,2024-04-01T04:30:00.000Z,2024-04-01T08:51:00.000Z,262,24
2024-04-01T08:19:20Z,2024-04-01T00:19:20Z,17.2,1916.8,126477685,34044.5,28.7394,121.2236,浙江省,台州市,2024-04-01T04:30:00.000Z,2024-04-01T08:51:00.000Z,262,24
2024-04-01T08:19:28Z,2024-04-01T00:19:28Z,17.6,1916.8,126477685,34044.5,28.7395,121.2286,浙江省,台州市,2024-04-01T04:30:00.000Z,2024-04-01T08:51:00.000Z,262,24
2024-04-01T08:20:13Z,2024-04-01T00:20:13Z,17.6,1916.8,126478700,34045,28.738,121.2321,浙江省,台州市,2024-04-01T04:30:00.000Z,2024-04-01T08:51:00.000Z,262,24
2024-04-01T08:20:44Z,2024-04-01T00:20:44Z,17.2,1916.8,126478700,34045,28.7321,121.2359,浙江省,台州市,2024-04-01T04:30:00.000Z,2024-04-01T08:51:00.000Z,262,24
2024-04-01T08:21:23Z,2024-04-01T00:21:23Z,17.2,1916.85,126479925,34045,28.7268,121.2373,浙江省,台州市,2024-04-01T04:30:00.000Z,2024-04-01T08:51:00.000Z,262,24
2024-04-01T08:21:54Z,2024-04-01T00:21:54Z,16.8,1916.85,126479925,34045,28.7158,121.2391,浙江省,台州市,2024-04-01T04:30:00.000Z,2024-04-01T08:51:00.000Z,262,24
2024-04-01T08:22:25Z,2024-04-01T00:22:25Z,16,1916.85,126481185,34045.5,28.7114,121.2393,浙江省,台州市,2024-04-01T04:30:00.000Z,2024-04-01T08:51:00.000Z,262,24
2024-04-01T08:22:56Z,2024-04-01T00:22:56Z,16,1916.85,126481185,34045.5,28.7103,121.2394,浙江省,台州市,2024-04-01T04:30:00.000Z,2024-04-01T08:51:00.000Z,262,24
2024-04-01T08:23:27Z,2024-04-01T00:23:27Z,15.6,1916.85,126482215,34045.5,28.7103,121.2394,浙江省,台州市,2024-04-01T04:30:00.000Z,2024-04-01T08:51:00.000Z,262,24
2024-04-01T08:23:58Z,2024-04-01T00:23:58Z,15.6,1916.85,126482215,34045.5,28.7103,121.2394,浙江省,台州市,2024-04-01T04:30:00.000Z,2024-04-01T08:51:00.000Z,262,24
2024-04-01T08:24:29Z,2024-04-01T00:24:29Z,15.6,1916.9,126483340,34046,28.7103,121.2394,浙江省,台州市,2024-04-01T04:30:00.000Z,2024-04-01T08:51:00.000Z,262,24
2024-04-01T08:25:00Z,2024-04-01T00:25:00Z,15.6,1916.9,126483340,34046,28.6853,121.2403,浙江省,台州市,2024-04-01T04:30:00.000Z,2024-04-01T08:51:00.000Z,262,24
2024-04-01T08:25:31Z,2024-04-01T00:25:31Z,16,1916.9,126484615,34046,28.6802,121.2397,浙江省,台州市,2024-04-01T04:30:00.000Z,2024-04-01T08:51:00.000Z,262,24
2024-04-01T08:26:02Z,2024-04-01T00:26:02Z,16.4,1916.9,126484615,34046,28.6755,121.2385,浙江省,台州市,2024-04-01T04:30:00.000Z,2024-04-01T08:51:00.000Z,262,24
2024-04-01T08:26:33Z,2024-04-01T00:26:33Z,16.4,1916.9,126485725,34046,28.671,121.2376,浙江省,台州市,2024-04-01T04:30:00.000Z,2024-04-01T08:51:00.000Z,262,24
2024-04-01T08:27:04Z,2024-04-01T00:27:04Z,16.4,1916.9,126485725,34046,28.6654,121.2369,浙江省,台州市,2024-04-01T04:30:00.000Z,2024-04-01T08:51:00.000Z,262,24
2024-04-01T08:27:35Z,2024-04-01T00:27:35Z,16,1916.95,126486895,34046.5,28.6597,121.2364,浙江省,台州市,2024-04-01T04:30:00.000Z,2024-04-01T08:51:00.000Z,262,24
2024-04-01T08:28:06Z,2024-04-01T00:28:06Z,16,1916.95,126486895,34046.5,28.6542,121.2362,浙江省,台州市,2024-04-01T04:30:00.000Z,2024-04-01T08:51:00.000Z,262,24
2024-04-01T08:28:37Z,2024-04-01T00:28:37Z,15.6,1916.95,126488140,34046.5,28.6487,121.2361,浙江省,台州市,2024-04-01T04:30:00.000Z,2024-04-01T08:51:00.000Z,262,24
2024-04-01T08:29:08Z,2024-04-01T00:29:08Z,15.6,1916.95,126488140,34046.5,28.6426,121.2363,浙江省,台州市,2024-04-01T04:30:00.000Z,2024-04-01T08:51:00.000Z,262,24
2024-04-01T08:29:28Z,2024-04-01T00:29:28Z,15.6,1916.95,126489460,34046.5,28.637,121.237,浙江省,台州市,2024-04-01T04:30:00.000Z,2024-04-01T08:51:00.000Z,262,24
2024-04-01T08:30:10Z,2024-04-01T00:30:10Z,15.6,1916.95,126489460,34046.5,28.6313,121.238,浙江省,台州市,2024-04-01T04:30:00.000Z,2024-04-01T08:51:00.000Z,262,24
2024-04-01T08:30:41Z,2024-04-01T00:30:41Z,15.6,1917,126490755,34047,28.6255,121.239,浙江省,台州市,2024-04-01T04:30:00.000Z,2024-04-01T08:51:00.000Z,262,24
2024-04-01T08:31:12Z,2024-04-01T00:31:12Z,15.6,1917,126490755,34047,28.6194,121.2397,浙江省,台州市,2024-04-01T04:30:00.000Z,2024-04-01T08:51:00.000Z,262,24
2024-04-01T08:31:43Z,2024-04-01T00:31:43Z,15.6,1917,126492100,34047.5,28.6136,121.2397,浙江省,台州市,2024-04-01T04:30:00.000Z,2024-04-01T08:51:00.000Z,262,24
2024-04-01T08:32:14Z,2024-04-01T00:32:14Z,15.6,1917,126492100,34047.5,28.6075,121.2392,浙江省,台州市,2024-04-01T04:30:00.000Z,2024-04-01T08:51:00.000Z,262,24
2024-04-01T08:32:45Z,2024-04-01T00:32:45Z,15.6,1917,126493435,34047.5,28.6017,121.2388,浙江省,台州市,2024-04-01T04:30:00.000Z,2024-04-01T08:51:00.000Z,262,24
2024-04-01T08:33:16Z,2024-04-01T00:33:16Z,15.6,1917,126493435,34047.5,28.5955,121.2384,浙江省,台州市,2024-04-01T04:30:00.000Z,2024-04-01T08:51:00.000Z,262,24
2024-04-01T08:33:47Z,2024-04-01T00:33:47Z,15.6,1917.05,126494785,34048,28.5897,121.2381,浙江省,台州市,2024-04-01T04:30:00.000Z,2024-04-01T08:51:00.000Z,262,24
2024-04-01T08:34:18Z,2024-04-01T00:34:18Z,15.6,1917.05,126494785,34048,28.584,121.2383,浙江省,台州市,2024-04-01T04:30:00.000Z,2024-04-01T08:51:00.000Z,262,24
2024-04-01T08:34:49Z,2024-04-01T00:34:49Z,15.6,1917.05,126496090,34048,28.5782,121.2387,浙江省,台州市,2024-04-01T04:30:00.000Z,2024-04-01T08:51:00.000Z,262,24
2024-04-01T08:35:20Z,2024-04-01T00:35:20Z,15.6,1917.05,126496090,34048,28.5728,121.2391,浙江省,台州市,2024-04-01T04:30:00.000Z,2024-04-01T08:51:00.000Z,262,24
2024-04-01T08:35:51Z,2024-04-01T00:35:51Z,15.6,1917.05,126497285,34048.5,28.5677,121.2395,浙江省,台州市,2024-04-01T04:30:00.000Z,2024-04-01T08:51:00.000Z,262,24
2024-04-01T08:36:22Z,2024-04-01T00:36:22Z,15.6,1917.05,126497285,34048.5,28.5626,121.2401,浙江省,台州市,2024-04-01T04:30:00.000Z,2024-04-01T08:51:00.000Z,262,24
2024-04-01T08:36:53Z,2024-04-01T00:36:53Z,15.6,1917.1,126498405,34048.5,28.5578,121.241,浙江省,台州市,2024-04-01T04:30:00.000Z,2024-04-01T08:51:00.000Z,262,24
2024-04-01T08:37:24Z,2024-04-01T00:37:24Z,15.6,1917.1,126498405,34048.5,28.554,121.2396,浙江省,台州市,2024-04-01T04:30:00.000Z,2024-04-01T08:51:00.000Z,262,24
2024-04-01T08:37:55Z,2024-04-01T00:37:55Z,16,1917.1,126498945,34048.5,28.5539,121.2378,浙江省,台州市,2024-04-01T04:30:00.000Z,2024-04-01T08:51:00.000Z,262,24
2024-04-01T08:38:26Z,2024-04-01T00:38:26Z,16,1917.1,126498945,34048.5,28.5547,121.2372,浙江省,台州市,2024-04-01T04:30:00.000Z,2024-04-01T08:51:00.000Z,262,24
2024-04-01T08:38:57Z,2024-04-01T00:38:57Z,16,1917.15,126499265,34048.5,28.5543,121.2357,浙江省,台州市,2024-04-01T04:30:00.000Z,2024-04-01T08:51:00.000Z,262,24
2024-04-01T08:39:28Z,2024-04-01T00:39:28Z,15.6,1917.15,126499390,34048.5,28.5542,121.2356,浙江省,台州市,2024-04-01T04:30:00.000Z,2024-04-01T08:51:00.000Z,262,24
2024-04-01T08:39:28Z,2024-04-01T00:39:28Z,15.6,1917.15,126499265,34048.5,28.5542,121.2356,浙江省,台州市,2024-04-01T04:30:00.000Z,2024-04-01T08:51:00.000Z,262,24
2024-04-01T08:39:59Z,2024-04-01T00:39:59Z,15.6,1917.15,126499390,34048.5,28.5544,121.2356,浙江省,台州市,2024-04-01T04:30:00.000Z,2024-04-01T08:51:00.000Z,262,24
2024-04-01T08:40:54Z,2024-04-01T00:40:54Z,15.6,1917.15,126499465,34048.5,28.5526,121.236,浙江省,台州市,2024-04-01T04:30:00.000Z,2024-04-01T08:51:00.000Z,262,24
2024-04-01T08:41:25Z,2024-04-01T00:41:25Z,15.6,1917.15,126499465,34048.5,28.5517,121.2369,浙江省,台州市,2024-04-01T04:30:00.000Z,2024-04-01T08:51:00.000Z,262,24
2024-04-01T08:41:56Z,2024-04-01T00:41:56Z,15.6,1917.2,126499835,34049,28.5521,121.2382,浙江省,台州市,2024-04-01T04:30:00.000Z,2024-04-01T08:51:00.000Z,262,24
2024-04-01T08:42:33Z,2024-04-01T00:42:33Z,15.6,1917.2,126499835,34049,28.5521,121.2385,浙江省,台州市,2024-04-01T04:30:00.000Z,2024-04-01T08:51:00.000Z,262,24
2024-04-01T08:43:04Z,2024-04-01T00:43:04Z,15.6,1917.2,126499920,34049,28.5521,121.2384,浙江省,台州市,2024-04-01T04:30:00.000Z,2024-04-01T08:51:00.000Z,262,24
2024-04-01T08:43:35Z,2024-04-01T00:43:35Z,16,1917.2,126499920,34049,28.5521,121.2382,浙江省,台州市,2024-04-01T04:30:00.000Z,2024-04-01T08:51:00.000Z,262,24
2024-04-01T08:44:07Z,2024-04-01T00:44:07Z,16,1917.2,126499925,34049,28.5521,121.2381,浙江省,台州市,2024-04-01T04:30:00.000Z,2024-04-01T08:51:00.000Z,262,24
2024-04-01T08:44:38Z,2024-04-01T00:44:38Z,17.6,1917.2,126499925,34049,28.5521,121.2381,浙江省,台州市,2024-04-01T04:30:00.000Z,2024-04-01T08:51:00.000Z,262,24
2024-04-01T08:45:09Z,2024-04-01T00:45:09Z,16.4,1917.25,126499925,34049,28.5521,121.2381,浙江省,台州市,2024-04-01T04:30:00.000Z,2024-04-01T08:51:00.000Z,262,24
2024-04-01T08:45:40Z,2024-04-01T00:45:40Z,15.6,1917.25,126499925,34049,28.5521,121.2381,浙江省,台州市,2024-04-01T04:30:00.000Z,2024-04-01T08:51:00.000Z,262,24
2024-04-01T08:46:11Z,2024-04-01T00:46:11Z,16,1917.25,126499945,34049,28.5521,121.2381,浙江省,台州市,2024-04-01T04:30:00.000Z,2024-04-01T08:51:00.000Z,262,24
2024-04-01T08:46:42Z,2024-04-01T00:46:42Z,15.6,1917.25,126499945,34049,28.5521,121.2381,浙江省,台州市,2024-04-01T04:30:00.000Z,2024-04-01T08:51:00.000Z,262,24
2024-04-01T08:47:13Z,2024-04-01T00:47:13Z,18,1917.25,126499945,34049,28.5521,121.2381,浙江省,台州市,2024-04-01T04:30:00.000Z,2024-04-01T08:51:00.000Z,262,24
2024-04-01T08:47:44Z,2024-04-01T00:47:44Z,15.6,1917.25,126499945,34049,28.5521,121.2381,浙江省,台州市,2024-04-01T04:30:00.000Z,2024-04-01T08:51:00.000Z,262,24
2024-04-01T08:48:15Z,2024-04-01T00:48:15Z,16.8,1917.3,126499960,34049,28.5521,121.2381,浙江省,台州市,2024-04-01T04:30:00.000Z,2024-04-01T08:51:00.000Z,262,24
2024-04-01T08:48:46Z,2024-04-01T00:48:46Z,15.6,1917.3,126499960,34049,28.5521,121.2381,浙江省,台州市,2024-04-01T04:30:00.000Z,2024-04-01T08:51:00.000Z,262,24
2024-04-01T08:49:17Z,2024-04-01T00:49:17Z,18,1917.3,126499960,34049,28.5521,121.2381,浙江省,台州市,2024-04-01T04:30:00.000Z,2024-04-01T08:51:00.000Z,262,24
2024-04-01T08:49:48Z,2024-04-01T00:49:48Z,18,1917.3,126499960,34049,28.5521,121.2381,浙江省,台州市,2024-04-01T04:30:00.000Z,2024-04-01T08:51:00.000Z,262,24
2024-04-01T08:50:24Z,2024-04-01T00:50:24Z,18,1917.3,126499960,34049,28.5521,121.2381,浙江省,台州市,2024-04-01T04:30:00.000Z,2024-04-01T08:51:00.000Z,262,24
